# features,alpha,# neurons,Score,Score and PI
4,0.001,6,0.9138759305257095,"0.91 (0.89, 0.93)"
4,0.001,7,0.9811157562781629,"0.98 (0.97, 0.99)"
5,0.001,6,0.9218937655684236,"0.92 (0.90, 0.94)"
5,0.001,7,0.9655823831423417,"0.97 (0.95, 0.98)"
