# features,alpha,# neurons,Score,Score and PI
4,0.001,6,0.757898796923888,"0.76 (0.73, 0.78)"
4,0.001,7,0.7803873927601089,"0.78 (0.75, 0.81)"
5,0.001,6,0.6507705555710664,"0.65 (0.62, 0.69)"
5,0.001,7,0.7911970367087556,"0.79 (0.77, 0.82)"
