# features,alpha,# neurons,Score,Score and PI
4,0.001,6,0.7416859635010027,"0.74 (0.71, 0.78)"
4,0.001,7,0.7908450666668689,"0.79 (0.76, 0.82)"
5,0.001,6,0.638992252778393,"0.64 (0.61, 0.67)"
5,0.001,7,0.801098798653516,"0.80 (0.78, 0.83)"
