# features,alpha,# neurons,Score,Score and PI
5,0.001,7,0.13042516571191448,"0.13 (0.09, 0.17)"
5,0.001,8,0.1251983839225418,"0.13 (0.09, 0.16)"
6,0.001,7,0.12001257570643112,"0.12 (0.08, 0.16)"
6,0.001,8,0.11889151940576086,"0.12 (0.08, 0.16)"
