# features,alpha,# neurons,Score,Score and PI
4,0.001,5,0.4432221132384372,"0.44 (0.38, 0.51)"
4,0.001,7,0.4480057809571373,"0.45 (0.39, 0.51)"
