# features,alpha,# neurons,Score,Score and PI
4,0.001,6,0.14400164441348828,"0.14 (0.10, 0.19)"
4,0.001,7,0.1445664780522768,"0.14 (0.09, 0.20)"
5,0.001,6,0.14869390785967015,"0.15 (0.10, 0.20)"
5,0.001,7,0.15657617994654535,"0.16 (0.10, 0.21)"
