# features,alpha,# neurons,Score,Score and PI
4,0.001,5,0.4519593662824287,"0.45 (0.40, 0.50)"
4,0.001,7,0.4577185725789593,"0.46 (0.41, 0.51)"
