# features,alpha,# neurons,Score,Score and PI
5,0.001,7,0.7703540072749862,"0.77 (0.73, 0.81)"
5,0.001,8,0.6224713708032482,"0.62 (0.58, 0.67)"
6,0.001,7,0.7023979365310193,"0.70 (0.66, 0.74)"
6,0.001,8,0.7001478733895617,"0.70 (0.66, 0.74)"
