# features,alpha,# neurons,Score,Score and PI
6,0.001,8,0.871212380691252,"0.87 (0.85, 0.90)"
6,0.001,9,0.8509692218296268,"0.85 (0.83, 0.88)"
6,0.001,10,0.8672100334711115,"0.87 (0.83, 0.90)"
7,0.001,8,0.8407811701835957,"0.84 (0.81, 0.88)"
7,0.001,9,0.8349814408811576,"0.83 (0.80, 0.87)"
7,0.001,10,0.8367597195886134,"0.84 (0.81, 0.87)"
8,0.001,8,0.847658465321729,"0.85 (0.82, 0.88)"
8,0.001,9,0.8262045651497513,"0.83 (0.80, 0.85)"
8,0.001,10,0.8400332626280352,"0.84 (0.81, 0.87)"
