# features,alpha,# neurons,Score,Score and PI
4,0.001,6,0.12660842175569892,"0.13 (0.09, 0.17)"
4,0.001,7,0.1297876561514887,"0.13 (0.08, 0.18)"
5,0.001,6,0.13614997642304677,"0.14 (0.09, 0.18)"
5,0.001,7,0.13928301798901993,"0.14 (0.09, 0.19)"
