# features,alpha,# neurons,Score,Score and PI
4,0.001,6,0.8332724928951645,"0.83 (0.81, 0.86)"
4,0.001,7,0.8347840532674946,"0.83 (0.81, 0.86)"
5,0.001,6,0.8314739041278564,"0.83 (0.80, 0.86)"
5,0.001,7,0.8430407794413151,"0.84 (0.82, 0.87)"
