# features,alpha,# neurons,Score,Score and PI
4,0.001,6,0.4569055879890526,"0.46 (0.39, 0.53)"
4,0.001,7,0.45744397245034785,"0.46 (0.39, 0.52)"
5,0.001,6,0.4552789329204135,"0.46 (0.39, 0.52)"
5,0.001,7,0.4598649488610718,"0.46 (0.39, 0.53)"
