# features,alpha,# neurons,Score,Score and PI
6,0.001,8,0.12290667890544701,"0.12 (0.08, 0.16)"
6,0.001,9,0.13090646111153614,"0.13 (0.09, 0.17)"
6,0.001,10,0.12468240197832832,"0.12 (0.08, 0.16)"
7,0.001,8,0.12358431375182857,"0.12 (0.08, 0.17)"
7,0.001,9,0.12820697321231542,"0.13 (0.08, 0.17)"
7,0.001,10,0.1239093543514633,"0.12 (0.08, 0.17)"
8,0.001,8,0.12371161003878291,"0.12 (0.08, 0.17)"
8,0.001,9,0.11937054875578905,"0.12 (0.08, 0.16)"
8,0.001,10,0.13294245359302026,"0.13 (0.09, 0.18)"
