# features,alpha,# neurons,Score,Score and PI
6,0.001,8,0.7319114103041073,"0.73 (0.70, 0.76)"
6,0.001,9,0.7951338942876901,"0.80 (0.77, 0.82)"
6,0.001,10,0.8001130282558832,"0.80 (0.76, 0.84)"
7,0.001,8,0.7534250111720182,"0.75 (0.71, 0.80)"
7,0.001,9,0.8055793473753056,"0.81 (0.77, 0.84)"
7,0.001,10,0.7817391300127384,"0.78 (0.76, 0.81)"
8,0.001,8,0.7776434892926295,"0.78 (0.74, 0.81)"
8,0.001,9,0.7995848890112317,"0.80 (0.77, 0.83)"
8,0.001,10,0.8118122739837841,"0.81 (0.79, 0.84)"
