# features,alpha,# neurons,Score,Score and PI
4,0.001,6,0.7583453143688399,"0.76 (0.73, 0.79)"
4,0.001,7,0.7878625584429739,"0.79 (0.76, 0.82)"
5,0.001,6,0.648708105813503,"0.65 (0.61, 0.69)"
5,0.001,7,0.7913306640998603,"0.79 (0.77, 0.82)"
