# features,alpha,# neurons,Score,Score and PI
5,0.001,7,0.8268042895888493,"0.83 (0.80, 0.85)"
5,0.001,8,0.827680098720973,"0.83 (0.81, 0.85)"
6,0.001,7,0.8269962756577574,"0.83 (0.81, 0.85)"
6,0.001,8,0.8190403820283777,"0.82 (0.80, 0.84)"
