# features,alpha,# neurons,Score,Score and PI
4,0.001,6,0.9205495508181365,"0.92 (0.90, 0.94)"
4,0.001,7,0.9811529332796702,"0.98 (0.97, 0.99)"
5,0.001,6,0.9627443644732377,"0.96 (0.95, 0.97)"
5,0.001,7,0.9583111344454173,"0.96 (0.95, 0.97)"
