# features,alpha,# neurons,Score,Score and PI
4,0.001,5,0.8248564806684466,"0.82 (0.80, 0.85)"
4,0.001,7,0.8283680730121391,"0.83 (0.80, 0.86)"
