# features,alpha,# neurons,Score,Score and PI
5,0.001,7,0.24970332041851476,"0.25 (0.19, 0.31)"
5,0.001,8,0.24021905860492287,"0.24 (0.18, 0.30)"
6,0.001,7,0.24424783900197317,"0.24 (0.18, 0.31)"
6,0.001,8,0.24344364843033564,"0.24 (0.17, 0.31)"
