# features,alpha,# neurons,Score,Score and PI
4,0.001,6,0.4651143121344871,"0.47 (0.41, 0.52)"
4,0.001,7,0.46656994279145436,"0.47 (0.41, 0.52)"
5,0.001,6,0.4631160205655749,"0.46 (0.41, 0.52)"
5,0.001,7,0.46828483844207164,"0.47 (0.41, 0.53)"
