# features,alpha,# neurons,Score,Score and PI
6,0.001,8,0.9653927128076918,"0.97 (0.96, 0.97)"
6,0.001,9,0.9598939533356237,"0.96 (0.95, 0.97)"
6,0.001,10,0.9484764114672753,"0.95 (0.93, 0.96)"
7,0.001,8,0.9377181208022763,"0.94 (0.92, 0.95)"
7,0.001,9,0.9595333258811614,"0.96 (0.95, 0.97)"
7,0.001,10,0.9608371491466535,"0.96 (0.94, 0.98)"
8,0.001,8,0.9696985619719021,"0.97 (0.96, 0.98)"
8,0.001,9,0.9670880748079711,"0.97 (0.96, 0.98)"
8,0.001,10,0.9605567946640214,"0.96 (0.95, 0.98)"
