# features,alpha,# neurons,Score,Score and PI
4,0.001,6,0.7607453735584302,"0.76 (0.73, 0.79)"
4,0.001,7,0.7848591889622206,"0.78 (0.75, 0.82)"
5,0.001,6,0.6500195581416255,"0.65 (0.62, 0.68)"
5,0.001,7,0.7911806673178208,"0.79 (0.77, 0.82)"
