# features,alpha,# neurons,Score,Score and PI
4,0.001,5,0.9270001859008117,"0.93 (0.91, 0.95)"
4,0.001,7,0.980037080906867,"0.98 (0.97, 0.99)"
