# features,alpha,# neurons,Score,Score and PI
5,0.001,7,0.49301745179391343,"0.49 (0.42, 0.56)"
5,0.001,8,0.4887130351668635,"0.49 (0.42, 0.56)"
6,0.001,7,0.499658879505712,"0.50 (0.43, 0.57)"
6,0.001,8,0.501730447545052,"0.50 (0.43, 0.57)"
