# features,alpha,# neurons,Score,Score and PI
4,0.001,5,0.9264838562598406,"0.93 (0.90, 0.95)"
4,0.001,7,0.9798666715988921,"0.98 (0.97, 0.99)"
