# features,alpha,# neurons,Score,Score and PI
5,0.001,7,0.9580508572408574,"0.96 (0.94, 0.97)"
5,0.001,8,0.9424742058371262,"0.94 (0.93, 0.96)"
6,0.001,7,0.9089203492272612,"0.91 (0.89, 0.93)"
6,0.001,8,0.9276569946788028,"0.93 (0.91, 0.94)"
