# features,alpha,# neurons,Score,Score and PI
4,0.001,5,0.8238212198792434,"0.82 (0.80, 0.85)"
4,0.001,7,0.8259829374573006,"0.83 (0.80, 0.85)"
