# features,alpha,# neurons,Score,Score and PI
4,0.001,6,0.7616104019436969,"0.76 (0.74, 0.79)"
4,0.001,7,0.7794613086682685,"0.78 (0.75, 0.81)"
5,0.001,6,0.6522969657359072,"0.65 (0.62, 0.69)"
5,0.001,7,0.7898034065545876,"0.79 (0.76, 0.82)"
