# features,alpha,# neurons,Score,Score and PI
4,0.001,6,0.8320044081302005,"0.83 (0.81, 0.86)"
4,0.001,7,0.8259829374573006,"0.83 (0.80, 0.85)"
5,0.001,6,0.8259045028412203,"0.83 (0.80, 0.85)"
5,0.001,7,0.8359827557273348,"0.84 (0.81, 0.86)"
