# features,alpha,# neurons,Score,Score and PI
6,0.001,8,0.8412528415437148,"0.84 (0.82, 0.86)"
6,0.001,9,0.8432902080084815,"0.84 (0.82, 0.86)"
6,0.001,10,0.8450923625563889,"0.85 (0.83, 0.86)"
7,0.001,8,0.8433659289157489,"0.84 (0.83, 0.86)"
7,0.001,9,0.8321033060945217,"0.83 (0.82, 0.85)"
7,0.001,10,0.8378201951437714,"0.84 (0.82, 0.85)"
8,0.001,8,0.8434404288789805,"0.84 (0.82, 0.86)"
8,0.001,9,0.8227275851504006,"0.82 (0.80, 0.84)"
8,0.001,10,0.839612427719685,"0.84 (0.82, 0.85)"
