# features,alpha,# neurons,Score,Score and PI
5,0.001,7,0.9032065882705564,"0.90 (0.88, 0.93)"
5,0.001,8,0.8231428617481548,"0.82 (0.79, 0.86)"
6,0.001,7,0.8994372480235195,"0.90 (0.87, 0.93)"
6,0.001,8,0.8704086858623346,"0.87 (0.84, 0.90)"
