# features,alpha,# neurons,Score,Score and PI
5,0.001,7,0.7994102748410334,"0.80 (0.78, 0.82)"
5,0.001,8,0.756465780179145,"0.76 (0.73, 0.78)"
6,0.001,7,0.7452684185710379,"0.75 (0.71, 0.79)"
6,0.001,8,0.7225738354418973,"0.72 (0.69, 0.76)"
