# features,alpha,# neurons,Score,Score and PI
5,0.001,7,0.9686255869614495,"0.97 (0.96, 0.98)"
5,0.001,8,0.9241893277316915,"0.92 (0.90, 0.95)"
6,0.001,7,0.945371739685787,"0.95 (0.93, 0.97)"
6,0.001,8,0.9349652984631055,"0.93 (0.92, 0.95)"
