# features,alpha,# neurons,Score,Score and PI
4,0.001,6,0.4607151389070313,"0.46 (0.39, 0.53)"
4,0.001,7,0.4616974945632294,"0.46 (0.40, 0.53)"
5,0.001,6,0.4589407103803517,"0.46 (0.39, 0.52)"
5,0.001,7,0.46418790451596426,"0.46 (0.39, 0.53)"
