# features,alpha,# neurons,Score,Score and PI
5,0.001,7,0.8913862158848588,"0.89 (0.87, 0.91)"
5,0.001,8,0.8354629511456271,"0.84 (0.81, 0.86)"
6,0.001,7,0.8121999038113106,"0.81 (0.78, 0.84)"
6,0.001,8,0.8177677074003601,"0.82 (0.79, 0.85)"
