# features,alpha,# neurons,Score,Score and PI
4,0.001,5,0.11049026878761439,"0.11 (0.08, 0.14)"
4,0.001,7,0.11460862816207854,"0.11 (0.07, 0.16)"
