# features,alpha,# neurons,Score,Score and PI
4,0.001,6,0.7410543742515789,"0.74 (0.70, 0.78)"
4,0.001,7,0.7851116962257637,"0.79 (0.76, 0.81)"
5,0.001,6,0.6462701181043393,"0.65 (0.61, 0.68)"
5,0.001,7,0.8002714552441423,"0.80 (0.77, 0.83)"
