# features,alpha,# neurons,Score,Score and PI
4,0.001,6,0.8320044081302005,"0.83 (0.81, 0.86)"
4,0.001,7,0.8321953175773243,"0.83 (0.81, 0.86)"
5,0.001,6,0.8276859807115043,"0.83 (0.80, 0.85)"
5,0.001,7,0.8410305485090355,"0.84 (0.82, 0.87)"
