# features,alpha,# neurons,Score,Score and PI
4,0.001,5,0.8353654842522967,"0.84 (0.80, 0.87)"
4,0.001,7,0.9266691146798818,"0.93 (0.91, 0.95)"
