# features,alpha,# neurons,Score,Score and PI
4,0.001,6,0.9217681147338815,"0.92 (0.90, 0.94)"
4,0.001,7,0.9811157562781629,"0.98 (0.97, 0.99)"
5,0.001,6,0.961171420769851,"0.96 (0.95, 0.97)"
5,0.001,7,0.960130858184216,"0.96 (0.95, 0.97)"
