# features,alpha,# neurons,Score,Score and PI
4,0.001,6,0.4672313360759646,"0.47 (0.41, 0.53)"
4,0.001,7,0.4671820642075465,"0.47 (0.41, 0.52)"
5,0.001,6,0.4645437356274248,"0.46 (0.41, 0.52)"
5,0.001,7,0.47027418427318757,"0.47 (0.41, 0.53)"
