# features,alpha,# neurons,Score,Score and PI
4,0.001,6,0.9142481567131566,"0.91 (0.89, 0.94)"
4,0.001,7,0.9811529332796702,"0.98 (0.97, 0.99)"
5,0.001,6,0.92211461218957,"0.92 (0.90, 0.94)"
5,0.001,7,0.964938262732076,"0.96 (0.95, 0.98)"
