# features,alpha,# neurons,Score,Score and PI
4,0.001,6,0.8893963380091631,"0.89 (0.87, 0.91)"
4,0.001,7,0.8426543273257805,"0.84 (0.81, 0.87)"
5,0.001,6,0.85776156479108,"0.86 (0.84, 0.88)"
5,0.001,7,0.8783419202671288,"0.88 (0.85, 0.90)"
