# features,alpha,# neurons,Score,Score and PI
4,0.001,6,0.8870208429630191,"0.89 (0.87, 0.91)"
4,0.001,7,0.8392321612476785,"0.84 (0.81, 0.87)"
5,0.001,6,0.8557583573429481,"0.86 (0.83, 0.88)"
5,0.001,7,0.8787693158188633,"0.88 (0.86, 0.90)"
