# features,alpha,# neurons,Score,Score and PI
4,0.001,5,0.7908146949459836,"0.79 (0.76, 0.82)"
4,0.001,7,0.7078578055202055,"0.71 (0.66, 0.76)"
