# features,alpha,# neurons,Score,Score and PI
6,0.001,8,0.244302420454233,"0.24 (0.18, 0.31)"
6,0.001,9,0.23924337053202516,"0.24 (0.17, 0.31)"
6,0.001,10,0.24190300292497105,"0.24 (0.17, 0.31)"
7,0.001,8,0.24619367517281304,"0.25 (0.19, 0.30)"
7,0.001,9,0.24883019667356102,"0.25 (0.18, 0.32)"
7,0.001,10,0.24345608035329933,"0.24 (0.18, 0.31)"
8,0.001,8,0.24540916203055083,"0.25 (0.18, 0.31)"
8,0.001,9,0.24676463913167668,"0.25 (0.18, 0.31)"
8,0.001,10,0.24869932292656075,"0.25 (0.19, 0.31)"
