# features,alpha,# neurons,Score,Score and PI
6,0.001,8,0.9242530796758477,"0.92 (0.90, 0.95)"
6,0.001,9,0.9069518653901879,"0.91 (0.89, 0.92)"
6,0.001,10,0.919449730044364,"0.92 (0.89, 0.94)"
7,0.001,8,0.9018834438042971,"0.90 (0.88, 0.93)"
7,0.001,9,0.9367236241964848,"0.94 (0.92, 0.96)"
7,0.001,10,0.9176212783714911,"0.92 (0.89, 0.95)"
8,0.001,8,0.9349701775773861,"0.93 (0.91, 0.96)"
8,0.001,9,0.9150796402243555,"0.92 (0.89, 0.94)"
8,0.001,10,0.905193469442119,"0.91 (0.88, 0.93)"
