# features,alpha,# neurons,Score,Score and PI
4,0.001,6,0.9221893314792281,"0.92 (0.90, 0.94)"
4,0.001,7,0.9811157562781629,"0.98 (0.97, 0.99)"
5,0.001,6,0.9620926222512448,"0.96 (0.95, 0.97)"
5,0.001,7,0.960091762470692,"0.96 (0.95, 0.97)"
