# features,alpha,# neurons,Score,Score and PI
4,0.001,6,0.8807529968688982,"0.88 (0.86, 0.90)"
4,0.001,7,0.8426543273257805,"0.84 (0.81, 0.87)"
5,0.001,6,0.8453916392698334,"0.85 (0.82, 0.87)"
5,0.001,7,0.8738513246182343,"0.87 (0.85, 0.90)"
