# features,alpha,# neurons,Score,Score and PI
5,0.001,7,0.9682573005511605,"0.97 (0.95, 0.98)"
5,0.001,8,0.9853191694727244,"0.99 (0.98, 0.99)"
6,0.001,7,0.9464581107186435,"0.95 (0.93, 0.96)"
6,0.001,8,0.9673952234137113,"0.97 (0.96, 0.98)"
