# features,alpha,# neurons,Score,Score and PI
5,0.001,7,0.8350922234883953,"0.84 (0.81, 0.86)"
5,0.001,8,0.8184383636947553,"0.82 (0.79, 0.85)"
6,0.001,7,0.8301190873763382,"0.83 (0.80, 0.86)"
6,0.001,8,0.8207690340797619,"0.82 (0.79, 0.85)"
