# features,alpha,# neurons,Score,Score and PI
6,0.001,8,0.934747502627132,"0.93 (0.92, 0.95)"
6,0.001,9,0.9292411633237527,"0.93 (0.92, 0.94)"
6,0.001,10,0.9528925058625635,"0.95 (0.94, 0.97)"
7,0.001,8,0.9187966242580246,"0.92 (0.90, 0.94)"
7,0.001,9,0.9537969517722278,"0.95 (0.94, 0.97)"
7,0.001,10,0.9234891087149227,"0.92 (0.90, 0.94)"
8,0.001,8,0.9257640532172624,"0.93 (0.91, 0.94)"
8,0.001,9,0.9459664659292135,"0.95 (0.93, 0.96)"
8,0.001,10,0.9365466013348038,"0.94 (0.92, 0.95)"
