# features,alpha,# neurons,Score,Score and PI
4,0.001,6,0.13963726215942493,"0.14 (0.10, 0.18)"
4,0.001,7,0.14044357528120685,"0.14 (0.09, 0.19)"
5,0.001,6,0.14314861689234087,"0.14 (0.10, 0.19)"
5,0.001,7,0.15057586278150367,"0.15 (0.10, 0.20)"
