# features,alpha,# neurons,Score,Score and PI
6,0.001,8,0.5768848123130313,"0.58 (0.52, 0.63)"
6,0.001,9,0.5733316710934151,"0.57 (0.51, 0.63)"
6,0.001,10,0.5739517649727232,"0.57 (0.51, 0.64)"
7,0.001,8,0.574755627813089,"0.57 (0.52, 0.63)"
7,0.001,9,0.575916750333831,"0.58 (0.52, 0.64)"
7,0.001,10,0.5723532777733482,"0.57 (0.51, 0.63)"
8,0.001,8,0.5765884248542751,"0.58 (0.52, 0.64)"
8,0.001,9,0.5738760725653013,"0.57 (0.52, 0.63)"
8,0.001,10,0.5762455735981034,"0.58 (0.52, 0.64)"
