# features,alpha,# neurons,Score,Score and PI
6,0.001,8,0.8190403820283777,"0.82 (0.80, 0.84)"
6,0.001,9,0.8354730670864405,"0.84 (0.82, 0.85)"
6,0.001,10,0.832127235551144,"0.83 (0.81, 0.85)"
7,0.001,8,0.8281464198671268,"0.83 (0.81, 0.85)"
7,0.001,9,0.8414204678894283,"0.84 (0.82, 0.86)"
7,0.001,10,0.8349658200150782,"0.83 (0.82, 0.85)"
8,0.001,8,0.8279794250365822,"0.83 (0.81, 0.85)"
8,0.001,9,0.8309596080024815,"0.83 (0.81, 0.85)"
8,0.001,10,0.8328862468015948,"0.83 (0.81, 0.85)"
