# features,alpha,# neurons,Score,Score and PI
5,0.001,7,0.5686384958076963,"0.57 (0.51, 0.63)"
5,0.001,8,0.565683568388831,"0.57 (0.51, 0.62)"
6,0.001,7,0.5702725721430028,"0.57 (0.51, 0.63)"
6,0.001,8,0.5690454416262494,"0.57 (0.51, 0.63)"
