# features,alpha,# neurons,Score,Score and PI
4,0.001,6,0.4685460351329085,"0.47 (0.41, 0.53)"
4,0.001,7,0.47011233149257914,"0.47 (0.42, 0.52)"
5,0.001,6,0.4661266928307167,"0.47 (0.41, 0.52)"
5,0.001,7,0.4723355379132446,"0.47 (0.41, 0.53)"
