# features,alpha,# neurons,Score,Score and PI
5,0.001,7,0.1204384037449004,"0.12 (0.08, 0.16)"
5,0.001,8,0.11643947171678808,"0.12 (0.08, 0.15)"
6,0.001,7,0.1150672630742204,"0.12 (0.08, 0.15)"
6,0.001,8,0.1040645744392823,"0.10 (0.07, 0.14)"
