# features,alpha,# neurons,Score,Score and PI
4,0.001,5,0.7902641930803417,"0.79 (0.75, 0.83)"
4,0.001,7,0.7083645892838186,"0.71 (0.64, 0.77)"
