# features,alpha,# neurons,Score,Score and PI
4,0.001,6,0.8320044081302005,"0.83 (0.81, 0.86)"
4,0.001,7,0.8259829374573006,"0.83 (0.80, 0.85)"
5,0.001,6,0.8258920224506021,"0.83 (0.80, 0.85)"
5,0.001,7,0.835934799667486,"0.84 (0.81, 0.86)"
