# features,alpha,# neurons,Score,Score and PI
4,0.001,5,0.8360832980004214,"0.84 (0.81, 0.87)"
4,0.001,7,0.9302718713027781,"0.93 (0.91, 0.95)"
