# features,alpha,# neurons,Score,Score and PI
5,0.001,7,0.4598370246265885,"0.46 (0.41, 0.51)"
5,0.001,8,0.4547384066664516,"0.45 (0.40, 0.51)"
6,0.001,7,0.46879056331677404,"0.47 (0.42, 0.52)"
6,0.001,8,0.4588403074069218,"0.46 (0.40, 0.51)"
