# features,alpha,# neurons,Score,Score and PI
4,0.001,6,0.1162289608971507,"0.12 (0.08, 0.15)"
4,0.001,7,0.12123402441412216,"0.12 (0.08, 0.16)"
5,0.001,6,0.12997278162993725,"0.13 (0.09, 0.17)"
5,0.001,7,0.1317497128062954,"0.13 (0.09, 0.17)"
