# features,alpha,# neurons,Score,Score and PI
4,0.001,6,0.8827436120814607,"0.88 (0.86, 0.90)"
4,0.001,7,0.8392321612476785,"0.84 (0.81, 0.87)"
5,0.001,6,0.8442422204325787,"0.84 (0.82, 0.87)"
5,0.001,7,0.8736828182572616,"0.87 (0.85, 0.90)"
