# features,alpha,# neurons,Score,Score and PI
6,0.001,8,0.4957991725757891,"0.50 (0.43, 0.57)"
6,0.001,9,0.5077919163218281,"0.51 (0.44, 0.58)"
6,0.001,10,0.4958823275478167,"0.50 (0.42, 0.57)"
7,0.001,8,0.5060562107065021,"0.51 (0.43, 0.58)"
7,0.001,9,0.502435254242599,"0.50 (0.43, 0.58)"
7,0.001,10,0.5004147673043036,"0.50 (0.43, 0.57)"
8,0.001,8,0.5022636058517416,"0.50 (0.43, 0.57)"
8,0.001,9,0.5043250701247493,"0.50 (0.44, 0.57)"
8,0.001,10,0.5020811792803317,"0.50 (0.43, 0.57)"
