# features,alpha,# neurons,Score,Score and PI
5,0.001,7,0.973216701882782,"0.97 (0.96, 0.98)"
5,0.001,8,0.9872201298797629,"0.99 (0.98, 0.99)"
6,0.001,7,0.946437666824567,"0.95 (0.93, 0.96)"
6,0.001,8,0.9716361976963688,"0.97 (0.96, 0.98)"
