# features,alpha,# neurons,Score,Score and PI
6,0.001,8,0.9687984553613921,"0.97 (0.96, 0.97)"
6,0.001,9,0.9647747934410809,"0.96 (0.95, 0.98)"
6,0.001,10,0.9469642697145133,"0.95 (0.92, 0.97)"
7,0.001,8,0.9332101129700163,"0.93 (0.91, 0.95)"
7,0.001,9,0.9620959358938499,"0.96 (0.95, 0.97)"
7,0.001,10,0.958611485371241,"0.96 (0.94, 0.97)"
8,0.001,8,0.9677138045489236,"0.97 (0.96, 0.97)"
8,0.001,9,0.9589164368893173,"0.96 (0.94, 0.98)"
8,0.001,10,0.9437782595579252,"0.94 (0.92, 0.96)"
