# features,alpha,# neurons,Score,Score and PI
5,0.001,7,0.8418513737888945,"0.84 (0.82, 0.86)"
5,0.001,8,0.8325376627090858,"0.83 (0.82, 0.85)"
6,0.001,7,0.8331590091183569,"0.83 (0.81, 0.85)"
6,0.001,8,0.8229926824267564,"0.82 (0.80, 0.84)"
