# features,alpha,# neurons,R2,R2 and PI
6,0.001,8,0.8490942006511737,"0.8491 (0.8213, 0.8769)"
6,0.001,9,0.880438020202505,"0.8804 (0.8573, 0.9036)"
6,0.001,10,0.8756426977152099,"0.8756 (0.8517, 0.8996)"
7,0.001,8,0.8672114650577664,"0.8672 (0.8412, 0.8932)"
7,0.001,9,0.8729786059436304,"0.8730 (0.8493, 0.8967)"
7,0.001,10,0.8561260564060371,"0.8561 (0.8303, 0.8820)"
8,0.001,8,0.8584993304469168,"0.8585 (0.8323, 0.8847)"
8,0.001,9,0.8687746801313765,"0.8688 (0.8430, 0.8946)"
8,0.001,10,0.8665695601805317,"0.8666 (0.8421, 0.8910)"
