# features,alpha,# neurons,R2,R2 and PI
6,0.001,8,0.8422474951147996,"0.84 (0.82, 0.87)"
6,0.001,9,0.8434589004650673,"0.84 (0.82, 0.87)"
6,0.001,10,0.8439353904533237,"0.84 (0.82, 0.87)"
7,0.001,8,0.8433043860908647,"0.84 (0.82, 0.87)"
7,0.001,9,0.8305722848051834,"0.83 (0.81, 0.85)"
7,0.001,10,0.8361504454493707,"0.84 (0.81, 0.86)"
8,0.001,8,0.8441634243547436,"0.84 (0.82, 0.87)"
8,0.001,9,0.822936213816854,"0.82 (0.80, 0.85)"
8,0.001,10,0.8387647001325833,"0.84 (0.82, 0.86)"
