# features,alpha,# neurons,R2,R2 and PI
6,0.001,8,0.8208298814326408,"0.82 (0.80, 0.85)"
6,0.001,9,0.8366453689114136,"0.84 (0.81, 0.86)"
6,0.001,10,0.8326397474249188,"0.83 (0.81, 0.86)"
7,0.001,8,0.8291190952254958,"0.83 (0.81, 0.85)"
7,0.001,9,0.8426800881738004,"0.84 (0.82, 0.87)"
7,0.001,10,0.8351526679520045,"0.84 (0.81, 0.86)"
8,0.001,8,0.8297495587998454,"0.83 (0.80, 0.85)"
8,0.001,9,0.8325548551103475,"0.83 (0.81, 0.86)"
8,0.001,10,0.8336320950907965,"0.83 (0.81, 0.86)"
