# features,alpha,# neurons,R2,R2 and PI
5,0.001,7,0.14395115954770082,"0.14 (0.10, 0.19)"
5,0.001,8,0.14529906889096744,"0.15 (0.10, 0.19)"
6,0.001,7,0.14248189458157984,"0.14 (0.10, 0.19)"
6,0.001,8,0.13689353575005558,"0.14 (0.10, 0.18)"
