# features,alpha,# neurons,R2,R2 and PI
5,0.001,7,0.2476893749536012,"0.25 (0.19, 0.31)"
5,0.001,8,0.24405766200854778,"0.24 (0.18, 0.30)"
6,0.001,7,0.2511337850084538,"0.25 (0.19, 0.31)"
6,0.001,8,0.24897528428849847,"0.25 (0.19, 0.31)"
