# features,alpha,# neurons,R2,R2 and PI
7,0.001,9,0.8768634588131745,"0.8769 (0.8526, 0.9011)"
7,0.001,10,0.8743493774364784,"0.8743 (0.8497, 0.8990)"
7,0.001,11,0.887342115103013,"0.8873 (0.8648, 0.9099)"
8,0.001,9,0.8740664179887225,"0.8741 (0.8489, 0.8993)"
8,0.001,10,0.8799938719193365,"0.8800 (0.8566, 0.9034)"
8,0.001,11,0.8834492054557597,"0.8834 (0.8604, 0.9065)"
9,0.001,9,0.8714287346388826,"0.8714 (0.8472, 0.8957)"
9,0.001,10,0.8710799944717232,"0.8711 (0.8473, 0.8949)"
9,0.001,11,0.8793081497765852,"0.8793 (0.8559, 0.9027)"
