# features,alpha,# neurons,R2,R2 and PI
6,0.001,8,0.8236625153147955,"0.82 (0.80, 0.85)"
6,0.001,9,0.8401186067549112,"0.84 (0.82, 0.87)"
6,0.001,10,0.8381858979414154,"0.84 (0.81, 0.86)"
7,0.001,8,0.8280313461056478,"0.83 (0.80, 0.85)"
7,0.001,9,0.8378126412351525,"0.84 (0.81, 0.86)"
7,0.001,10,0.8339824227425444,"0.83 (0.81, 0.86)"
8,0.001,8,0.8282544972901175,"0.83 (0.80, 0.85)"
8,0.001,9,0.829457492217025,"0.83 (0.80, 0.86)"
8,0.001,10,0.831202477855647,"0.83 (0.80, 0.86)"
