# features,alpha,# neurons,R2,R2 and PI
6,0.001,8,0.43868874919885226,"0.44 (0.41, 0.47)"
6,0.001,9,0.4461221420882321,"0.45 (0.41, 0.48)"
6,0.001,10,0.425795566292098,"0.43 (0.39, 0.46)"
7,0.001,8,0.42829422454303456,"0.43 (0.39, 0.46)"
7,0.001,9,0.4310880744404438,"0.43 (0.40, 0.46)"
7,0.001,10,0.42316643612770716,"0.42 (0.39, 0.46)"
8,0.001,8,0.43902854705352456,"0.44 (0.41, 0.47)"
8,0.001,9,0.4405819904499819,"0.44 (0.41, 0.47)"
8,0.001,10,0.4345459330719188,"0.43 (0.40, 0.47)"
