# features,alpha,# neurons,R2,R2 and PI
5,0.001,7,0.5379546042144241,"0.54 (0.49, 0.58)"
5,0.001,8,0.5261468906745261,"0.53 (0.48, 0.57)"
6,0.001,7,0.5423239201545189,"0.54 (0.50, 0.59)"
6,0.001,8,0.5448328723065345,"0.54 (0.50, 0.59)"
