# features,alpha,# neurons,R2,R2 and PI
6,0.001,8,0.8511204735255061,"0.8511 (0.8236, 0.8786)"
6,0.001,9,0.8802390518242447,"0.8802 (0.8567, 0.9038)"
6,0.001,10,0.8781133201409344,"0.8781 (0.8546, 0.9016)"
7,0.001,8,0.871595335440842,"0.8716 (0.8458, 0.8974)"
7,0.001,9,0.8726480938684842,"0.8726 (0.8496, 0.8957)"
7,0.001,10,0.8608397161867737,"0.8608 (0.8349, 0.8868)"
8,0.001,8,0.86319628550358,"0.8632 (0.8377, 0.8887)"
8,0.001,9,0.8757149109365002,"0.8757 (0.8514, 0.9001)"
8,0.001,10,0.8696491281950216,"0.8696 (0.8457, 0.8936)"
