# features,alpha,# neurons,R2,R2 and PI
4,0.001,6,0.406429410831901,"0.41 (0.37, 0.44)"
4,0.001,7,0.4055677479836387,"0.41 (0.37, 0.44)"
5,0.001,6,0.406765606187632,"0.41 (0.37, 0.44)"
5,0.001,7,0.41473053879887944,"0.41 (0.38, 0.45)"
