# features,alpha,# neurons,R2,R2 and PI
6,0.001,8,0.11748372252225832,"0.1175 (0.0471, 0.1879)"
6,0.001,9,0.12404111711250343,"0.1240 (0.0485, 0.1996)"
6,0.001,10,0.12691786016636286,"0.1269 (0.0567, 0.1971)"
7,0.001,8,0.11593884384620841,"0.1159 (0.0472, 0.1847)"
7,0.001,9,0.12043789252960638,"0.1204 (0.0531, 0.1878)"
7,0.001,10,0.1264335985908871,"0.1264 (0.0594, 0.1934)"
8,0.001,8,0.12631415459460243,"0.1263 (0.0572, 0.1955)"
8,0.001,9,0.13030997488839408,"0.1303 (0.0599, 0.2007)"
8,0.001,10,0.12989425765342358,"0.1299 (0.0600, 0.1998)"
