# features,alpha,# neurons,R2,R2 and PI
5,0.001,7,0.24614111002585176,"0.25 (0.19, 0.30)"
5,0.001,8,0.23683923847534505,"0.24 (0.18, 0.29)"
6,0.001,7,0.24272827958702411,"0.24 (0.19, 0.30)"
6,0.001,8,0.24196282374512,"0.24 (0.18, 0.30)"
