# features,alpha,# neurons,R2,R2 and PI
5,0.001,7,0.11230904207543561,"0.11 (0.08, 0.15)"
5,0.001,8,0.10582719466279986,"0.11 (0.07, 0.14)"
6,0.001,7,0.10787538502541331,"0.11 (0.07, 0.14)"
6,0.001,8,0.10555826811555491,"0.11 (0.07, 0.14)"
