# features,alpha,# neurons,R2,R2 and PI
5,0.001,7,0.4512212069792649,"0.45 (0.38, 0.52)"
5,0.001,8,0.4460810850785687,"0.45 (0.38, 0.51)"
6,0.001,7,0.4580915991217799,"0.46 (0.39, 0.53)"
6,0.001,8,0.44889817719089625,"0.45 (0.38, 0.51)"
