# features,alpha,# neurons,R2,R2 and PI
6,0.001,8,0.10823754429960888,"0.11 (0.07, 0.14)"
6,0.001,9,0.11265796618152557,"0.11 (0.08, 0.15)"
6,0.001,10,0.11232031469683963,"0.11 (0.08, 0.15)"
7,0.001,8,0.10643524076382056,"0.11 (0.07, 0.14)"
7,0.001,9,0.10660317793835863,"0.11 (0.07, 0.14)"
7,0.001,10,0.10196981867333692,"0.10 (0.07, 0.14)"
8,0.001,8,0.10841615375206959,"0.11 (0.07, 0.14)"
8,0.001,9,0.10205336042798388,"0.10 (0.07, 0.13)"
8,0.001,10,0.11208958795571325,"0.11 (0.07, 0.15)"
