# features,alpha,# neurons,R2,R2 and PI
6,0.001,7,0.4043556334672701,"0.4044 (0.3438, 0.4649)"
6,0.001,9,0.40569775507249856,"0.4057 (0.3415, 0.4699)"
7,0.001,7,0.3995197850122115,"0.3995 (0.3349, 0.4642)"
7,0.001,9,0.4084342979937066,"0.4084 (0.3432, 0.4737)"
