# features,alpha,# neurons,R2,R2 and PI
5,0.001,7,0.48972738332677146,"0.49 (0.42, 0.56)"
5,0.001,8,0.48681985287053375,"0.49 (0.42, 0.55)"
6,0.001,7,0.49762154987821905,"0.50 (0.43, 0.57)"
6,0.001,8,0.4982386262409498,"0.50 (0.43, 0.57)"
