# features,alpha,# neurons,R2,R2 and PI
4,0.001,5,0.10047872477738769,"0.10 (0.07, 0.13)"
4,0.001,7,0.10675321006706569,"0.11 (0.07, 0.14)"
