# features,alpha,# neurons,R2,R2 and PI
6,0.001,8,0.8429396835321172,"0.84 (0.82, 0.87)"
6,0.001,9,0.8441536264548052,"0.84 (0.82, 0.87)"
6,0.001,10,0.8449055626310511,"0.84 (0.82, 0.87)"
7,0.001,8,0.844283724476225,"0.84 (0.82, 0.87)"
7,0.001,9,0.8310980435829677,"0.83 (0.81, 0.85)"
7,0.001,10,0.8368067833111137,"0.84 (0.81, 0.86)"
8,0.001,8,0.8453016499526852,"0.85 (0.82, 0.87)"
8,0.001,9,0.8235826470121937,"0.82 (0.80, 0.85)"
8,0.001,10,0.8396350407321981,"0.84 (0.82, 0.86)"
