# features,alpha,# neurons,R2,R2 and PI
5,0.001,7,0.5115694331025649,"0.51 (0.44, 0.58)"
5,0.001,8,0.5118497872908458,"0.51 (0.45, 0.58)"
6,0.001,7,0.5124476107534331,"0.51 (0.44, 0.58)"
6,0.001,8,0.519166137216595,"0.52 (0.45, 0.59)"
