# features,alpha,# neurons,R2,R2 and PI
6,0.001,8,0.4137287354751291,"0.4137 (0.3522, 0.4752)"
6,0.001,9,0.41782325303930773,"0.4178 (0.3554, 0.4803)"
6,0.001,10,0.4104367330693911,"0.4104 (0.3463, 0.4746)"
7,0.001,8,0.4054159479584921,"0.4054 (0.3440, 0.4669)"
7,0.001,9,0.4097714275006158,"0.4098 (0.3463, 0.4733)"
7,0.001,10,0.4070074366443951,"0.4070 (0.3435, 0.4705)"
8,0.001,8,0.41767719361838146,"0.4177 (0.3547, 0.4807)"
8,0.001,9,0.4037788513376389,"0.4038 (0.3416, 0.4659)"
8,0.001,10,0.4089846327727337,"0.4090 (0.3445, 0.4734)"
