# features,alpha,# neurons,R2,R2 and PI
4,0.001,5,0.4981870835908335,"0.4982 (0.4490, 0.5474)"
4,0.001,7,0.5074969735439044,"0.5075 (0.4567, 0.5583)"
5,0.001,5,0.5101603586998572,"0.5102 (0.4584, 0.5620)"
5,0.001,7,0.5022681332688785,"0.5023 (0.4493, 0.5552)"
