# features,alpha,# neurons,R2,R2 and PI
5,0.001,7,0.8405135070593438,"0.84 (0.82, 0.86)"
5,0.001,8,0.8243590815093684,"0.82 (0.80, 0.85)"
6,0.001,7,0.832928488269195,"0.83 (0.81, 0.85)"
6,0.001,8,0.8260149175286843,"0.83 (0.81, 0.85)"
