# features,alpha,# neurons,R2,R2 and PI
8,0.001,10,0.4230389364803866,"0.4230 (0.3613, 0.4848)"
8,0.001,12,0.4328533169773713,"0.4329 (0.3708, 0.4949)"
8,0.001,14,0.43114882827195994,"0.4311 (0.3691, 0.4932)"
10,0.001,10,0.4186711951880445,"0.4187 (0.3570, 0.4803)"
10,0.001,12,0.4211901793117697,"0.4212 (0.3600, 0.4824)"
10,0.001,14,0.4319600900607418,"0.4320 (0.3690, 0.4949)"
12,0.001,10,0.41919444068287753,"0.4192 (0.3568, 0.4816)"
12,0.001,12,0.42790968743564584,"0.4279 (0.3660, 0.4899)"
12,0.001,14,0.42454155318010073,"0.4245 (0.3643, 0.4848)"
