# features,alpha,# neurons,R2,R2 and PI
4,0.001,6,0.13058063300874648,"0.13 (0.09, 0.17)"
4,0.001,7,0.1318873575776332,"0.13 (0.09, 0.17)"
5,0.001,6,0.13623175191161108,"0.14 (0.10, 0.17)"
5,0.001,7,0.14336878533599998,"0.14 (0.10, 0.19)"
