# features,alpha,# neurons,R2,R2 and PI
6,0.001,8,0.43868874919885226,"0.4387 (0.4068, 0.4706)"
6,0.001,9,0.4461221420882321,"0.4461 (0.4146, 0.4776)"
6,0.001,10,0.425795566292098,"0.4258 (0.3925, 0.4591)"
7,0.001,8,0.42829422454303456,"0.4283 (0.3931, 0.4635)"
7,0.001,9,0.4310880744404438,"0.4311 (0.3973, 0.4648)"
7,0.001,10,0.42316643612770716,"0.4232 (0.3890, 0.4574)"
8,0.001,8,0.43902854705352456,"0.4390 (0.4058, 0.4723)"
8,0.001,9,0.4405819904499819,"0.4406 (0.4076, 0.4736)"
8,0.001,10,0.4345459330719188,"0.4345 (0.4020, 0.4671)"
