# features,alpha,# neurons,R2,R2 and PI
5,0.001,7,0.8299790735218991,"0.83 (0.80, 0.86)"
5,0.001,8,0.8288751915388799,"0.83 (0.81, 0.85)"
6,0.001,7,0.8285310442494674,"0.83 (0.81, 0.85)"
6,0.001,8,0.820909290601465,"0.82 (0.80, 0.85)"
