# features,alpha,# neurons,R2,R2 and PI
5,0.001,7,0.45331724296767784,"0.45 (0.38, 0.52)"
5,0.001,8,0.4503331602226767,"0.45 (0.38, 0.52)"
6,0.001,7,0.4577100997486774,"0.46 (0.39, 0.52)"
6,0.001,8,0.44399048557371845,"0.44 (0.38, 0.51)"
