# features,alpha,# neurons,R2,R2 and PI
4,0.001,6,0.45868652552678146,"0.46 (0.39, 0.53)"
4,0.001,7,0.45925024840568407,"0.46 (0.39, 0.52)"
5,0.001,6,0.4569242486763268,"0.46 (0.39, 0.52)"
5,0.001,7,0.46251804717497774,"0.46 (0.39, 0.53)"
