# features,alpha,# neurons,R2,R2 and PI
6,0.001,8,0.0754012012829142,"0.08 (0.04, 0.12)"
6,0.001,9,0.08001281903804104,"0.08 (0.04, 0.12)"
6,0.001,10,0.08087967110539512,"0.08 (0.04, 0.12)"
7,0.001,8,0.08018938975715512,"0.08 (0.04, 0.12)"
7,0.001,9,0.08051523039620251,"0.08 (0.04, 0.12)"
7,0.001,10,0.08194990356246398,"0.08 (0.04, 0.12)"
8,0.001,8,0.07767504384176986,"0.08 (0.04, 0.12)"
8,0.001,9,0.08116812681121274,"0.08 (0.04, 0.12)"
8,0.001,10,0.08468172576222599,"0.08 (0.04, 0.13)"
