# features,alpha,# neurons,R2,R2 and PI
5,0.001,7,0.4633156973374194,"0.46 (0.42, 0.51)"
5,0.001,8,0.4520458222621769,"0.45 (0.41, 0.49)"
6,0.001,7,0.46818086950509946,"0.47 (0.43, 0.51)"
6,0.001,8,0.46915069144049104,"0.47 (0.43, 0.51)"
