# features,alpha,# neurons,R2,R2 and PI
6,0.001,7,0.8516876866065631,"0.8517 (0.8248, 0.8786)"
6,0.001,9,0.8668740345861027,"0.8669 (0.8430, 0.8908)"
7,0.001,7,0.8575640677634077,"0.8576 (0.8305, 0.8846)"
7,0.001,9,0.8632251423196544,"0.8632 (0.8381, 0.8883)"
