# features,alpha,# neurons,R2,R2 and PI
7,0.001,9,0.6126000322432563,"0.6126 (0.5635, 0.6617)"
7,0.001,10,0.6138202813659007,"0.6138 (0.5655, 0.6621)"
7,0.001,11,0.6190837977587984,"0.6191 (0.5700, 0.6682)"
8,0.001,9,0.6156155977539247,"0.6156 (0.5652, 0.6661)"
8,0.001,10,0.6124997151509364,"0.6125 (0.5613, 0.6637)"
8,0.001,11,0.6182370027345725,"0.6182 (0.5672, 0.6693)"
9,0.001,9,0.6124603057250699,"0.6125 (0.5625, 0.6624)"
9,0.001,10,0.6146294419232767,"0.6146 (0.5663, 0.6630)"
9,0.001,11,0.6187584414753781,"0.6188 (0.5696, 0.6680)"
