# features,alpha,# neurons,R2,R2 and PI
6,0.001,8,0.8269953428798063,"0.8270 (0.8007, 0.8533)"
6,0.001,9,0.8559620228945782,"0.8560 (0.8356, 0.8763)"
6,0.001,10,0.8382560178358436,"0.8383 (0.8095, 0.8670)"
7,0.001,8,0.8374103438704399,"0.8374 (0.8124, 0.8624)"
7,0.001,9,0.841942904216535,"0.8419 (0.8137, 0.8701)"
7,0.001,10,0.834418120992041,"0.8344 (0.8064, 0.8624)"
8,0.001,8,0.8362939405310499,"0.8363 (0.8110, 0.8615)"
8,0.001,9,0.8422917882340212,"0.8423 (0.8175, 0.8671)"
8,0.001,10,0.8438742112711821,"0.8439 (0.8181, 0.8697)"
