# features,alpha,# neurons,R2,R2 and PI
5,0.001,7,0.8370086330633395,"0.84 (0.81, 0.86)"
5,0.001,8,0.8230755024887447,"0.82 (0.80, 0.85)"
6,0.001,7,0.8300360069345738,"0.83 (0.81, 0.85)"
6,0.001,8,0.8244167022271371,"0.82 (0.80, 0.85)"
