# features,alpha,# neurons,R2,R2 and PI
5,0.001,7,0.8298632094368799,"0.83 (0.81, 0.85)"
5,0.001,8,0.8110529608571009,"0.81 (0.79, 0.83)"
6,0.001,7,0.8284207860350019,"0.83 (0.81, 0.85)"
6,0.001,8,0.8268733852809337,"0.83 (0.81, 0.85)"
