# features,alpha,# neurons,R2,R2 and PI
6,0.001,8,0.5777021571433825,"0.58 (0.52, 0.63)"
6,0.001,9,0.573848847922399,"0.57 (0.51, 0.64)"
6,0.001,10,0.5726282914346985,"0.57 (0.51, 0.63)"
7,0.001,8,0.5737964663660404,"0.57 (0.51, 0.63)"
7,0.001,9,0.574990180697853,"0.57 (0.52, 0.63)"
7,0.001,10,0.5710176165984296,"0.57 (0.51, 0.63)"
8,0.001,8,0.5758167442140496,"0.58 (0.52, 0.64)"
8,0.001,9,0.5745451416323101,"0.57 (0.52, 0.63)"
8,0.001,10,0.5744648312770574,"0.57 (0.52, 0.63)"
