# features,alpha,# neurons,R2,R2 and PI
4,0.001,6,0.8384857916723976,"0.84 (0.82, 0.86)"
4,0.001,7,0.8353612759915965,"0.84 (0.81, 0.86)"
5,0.001,6,0.8251233857045962,"0.83 (0.80, 0.85)"
5,0.001,7,0.842223455456252,"0.84 (0.82, 0.86)"
