# features,alpha,# neurons,R2,R2 and PI
4,0.001,6,0.8365330085641081,"0.84 (0.82, 0.86)"
4,0.001,7,0.8254739228403073,"0.83 (0.80, 0.85)"
5,0.001,6,0.829963017225535,"0.83 (0.81, 0.85)"
5,0.001,7,0.8394153348091974,"0.84 (0.82, 0.86)"
