# features,alpha,# neurons,R2,R2 and PI
5,0.001,7,0.8376592874560475,"0.84 (0.81, 0.87)"
5,0.001,8,0.8203601109359046,"0.82 (0.79, 0.85)"
6,0.001,7,0.8322004418660616,"0.83 (0.80, 0.86)"
6,0.001,8,0.8221660962828974,"0.82 (0.79, 0.85)"
