# features,alpha,# neurons,R2,R2 and PI
6,0.001,8,0.4698737471854712,"0.47 (0.43, 0.51)"
6,0.001,9,0.47379629161295356,"0.47 (0.44, 0.51)"
6,0.001,10,0.4577055354996718,"0.46 (0.41, 0.50)"
7,0.001,8,0.46336992829566953,"0.46 (0.42, 0.50)"
7,0.001,9,0.4590458220811181,"0.46 (0.41, 0.50)"
7,0.001,10,0.4612316730732955,"0.46 (0.42, 0.51)"
8,0.001,8,0.4664201233861854,"0.47 (0.42, 0.51)"
8,0.001,9,0.4676656197584822,"0.47 (0.42, 0.51)"
8,0.001,10,0.4637803576265983,"0.46 (0.42, 0.51)"
