# features,alpha,# neurons,R2,R2 and PI
5,0.001,7,0.8299597721124845,"0.83 (0.81, 0.85)"
5,0.001,8,0.8110768856323392,"0.81 (0.79, 0.83)"
6,0.001,7,0.8284678663714887,"0.83 (0.81, 0.85)"
6,0.001,8,0.8269475533686539,"0.83 (0.81, 0.85)"
