# features,alpha,# neurons,R2,R2 and PI
6,0.001,7,0.8516876866065631,"0.8517 (0.8248, 0.8786)"
6,0.001,9,0.8668740345861027,"0.8669 (0.8430, 0.8908)"
6,0.001,11,0.8651019264413387,"0.8651 (0.8395, 0.8907)"
7,0.001,7,0.8575640677634077,"0.8576 (0.8305, 0.8846)"
7,0.001,9,0.8632251423196544,"0.8632 (0.8381, 0.8883)"
7,0.001,11,0.8709762812493199,"0.8710 (0.8466, 0.8953)"
8,0.001,7,0.8546657640046786,"0.8547 (0.8281, 0.8812)"
8,0.001,9,0.8685980204898482,"0.8686 (0.8427, 0.8945)"
8,0.001,11,0.873386576180134,"0.8734 (0.8491, 0.8977)"
