# features,alpha,# neurons,R2,R2 and PI
6,0.001,8,0.820909290601465,"0.82 (0.80, 0.85)"
6,0.001,9,0.8366904965916753,"0.84 (0.81, 0.86)"
6,0.001,10,0.8326959155849712,"0.83 (0.81, 0.86)"
7,0.001,8,0.8317099386219413,"0.83 (0.81, 0.85)"
7,0.001,9,0.842784911496441,"0.84 (0.82, 0.87)"
7,0.001,10,0.8351634782666169,"0.84 (0.81, 0.86)"
8,0.001,8,0.8306701329958894,"0.83 (0.81, 0.86)"
8,0.001,9,0.8327615527540221,"0.83 (0.81, 0.86)"
8,0.001,10,0.8337875378102224,"0.83 (0.81, 0.86)"
