# features,alpha,# neurons,R2,R2 and PI
5,0.001,7,0.48996357224866055,"0.49 (0.42, 0.56)"
5,0.001,8,0.48713804727021,"0.49 (0.42, 0.55)"
6,0.001,7,0.49777492839184695,"0.50 (0.43, 0.57)"
6,0.001,8,0.4985273173752055,"0.50 (0.43, 0.57)"
