# features,alpha,# neurons,R2,R2 and PI
6,0.001,8,0.8402698153428247,"0.84 (0.82, 0.86)"
6,0.001,9,0.8467109129627328,"0.85 (0.83, 0.87)"
6,0.001,10,0.8409803370574419,"0.84 (0.82, 0.86)"
7,0.001,8,0.8451454979103314,"0.85 (0.82, 0.87)"
7,0.001,9,0.8350032989845373,"0.84 (0.82, 0.85)"
7,0.001,10,0.8361492105489535,"0.84 (0.82, 0.86)"
8,0.001,8,0.8430960719230276,"0.84 (0.82, 0.86)"
8,0.001,9,0.8260569302340006,"0.83 (0.81, 0.85)"
8,0.001,10,0.8396317600771711,"0.84 (0.82, 0.86)"
