# features,alpha,# neurons,R2,R2 and PI
6,0.001,8,0.0754012012829142,"0.0754 (0.0355, 0.1153)"
6,0.001,9,0.08001281903804104,"0.0800 (0.0411, 0.1189)"
6,0.001,10,0.08087967110539512,"0.0809 (0.0422, 0.1196)"
7,0.001,8,0.08018938975715512,"0.0802 (0.0407, 0.1197)"
7,0.001,9,0.08051523039620251,"0.0805 (0.0410, 0.1200)"
7,0.001,10,0.08194990356246398,"0.0819 (0.0420, 0.1219)"
8,0.001,8,0.07767504384176986,"0.0777 (0.0366, 0.1187)"
8,0.001,9,0.08116812681121274,"0.0812 (0.0412, 0.1211)"
8,0.001,10,0.08468172576222599,"0.0847 (0.0442, 0.1252)"
