# features,alpha,# neurons,R2,R2 and PI
6,0.001,8,0.4920492642062827,"0.49 (0.43, 0.56)"
6,0.001,9,0.5037284338533689,"0.50 (0.43, 0.58)"
6,0.001,10,0.49153881397763827,"0.49 (0.42, 0.56)"
7,0.001,8,0.5006767592477833,"0.50 (0.43, 0.57)"
7,0.001,9,0.4974585187315464,"0.50 (0.43, 0.57)"
7,0.001,10,0.49561057352675275,"0.50 (0.43, 0.57)"
8,0.001,8,0.49739414125096604,"0.50 (0.43, 0.57)"
8,0.001,9,0.49951402664158867,"0.50 (0.43, 0.57)"
8,0.001,10,0.49738402514023816,"0.50 (0.43, 0.57)"
