# features,alpha,# neurons,R2,R2 and PI
8,0.001,10,0.8661733692614616,"0.8662 (0.8410, 0.8914)"
8,0.001,12,0.8713640930905951,"0.8714 (0.8466, 0.8962)"
10,0.001,10,0.866786750646732,"0.8668 (0.8417, 0.8919)"
10,0.001,12,0.8781193294744322,"0.8781 (0.8527, 0.9035)"
