# features,alpha,# neurons,R2,R2 and PI
8,0.001,10,0.8665151870885855,"0.8665 (0.8420, 0.8910)"
8,0.001,12,0.8670978578906174,"0.8671 (0.8432, 0.8910)"
10,0.001,10,0.8653837716127581,"0.8654 (0.8406, 0.8902)"
10,0.001,12,0.8645977762613615,"0.8646 (0.8395, 0.8897)"
