# features,alpha,# neurons,R2,R2 and PI
6,0.001,7,0.5975768751068598,"0.5976 (0.5445, 0.6507)"
6,0.001,9,0.5819931203134368,"0.5820 (0.5267, 0.6373)"
7,0.001,7,0.5958351027935177,"0.5958 (0.5429, 0.6488)"
7,0.001,9,0.5954920506237682,"0.5955 (0.5419, 0.6491)"
