# features,alpha,# neurons,R2,R2 and PI
6,0.001,8,0.5244948518281441,"0.52 (0.46, 0.59)"
6,0.001,9,0.5194396373664343,"0.52 (0.44, 0.59)"
6,0.001,10,0.5184033298246298,"0.52 (0.45, 0.59)"
7,0.001,8,0.5145814878818618,"0.51 (0.44, 0.59)"
7,0.001,9,0.5186199963590769,"0.52 (0.45, 0.59)"
7,0.001,10,0.5159643566214311,"0.52 (0.44, 0.59)"
8,0.001,8,0.5200603307413717,"0.52 (0.45, 0.59)"
8,0.001,9,0.5200888786859086,"0.52 (0.45, 0.59)"
8,0.001,10,0.5181552433116112,"0.52 (0.45, 0.59)"
