# features,alpha,# neurons,R2,R2 and PI
5,0.001,7,0.8369892527723971,"0.84 (0.81, 0.86)"
5,0.001,8,0.8196533956454808,"0.82 (0.80, 0.84)"
6,0.001,7,0.8313614727021321,"0.83 (0.81, 0.85)"
6,0.001,8,0.8231102296092928,"0.82 (0.80, 0.84)"
