# features,alpha,# neurons,R2,R2 and PI
5,0.001,7,0.3978737869081774,"0.3979 (0.3362, 0.4596)"
5,0.001,8,0.3949446445607041,"0.3949 (0.3335, 0.4564)"
6,0.001,7,0.39417953432996583,"0.3942 (0.3340, 0.4544)"
6,0.001,8,0.4019270465551683,"0.4019 (0.3385, 0.4654)"
