# features,alpha,# neurons,R2,R2 and PI
4,0.001,6,0.13424703642261054,"0.13 (0.10, 0.17)"
4,0.001,7,0.13584911039205544,"0.14 (0.09, 0.18)"
5,0.001,6,0.14147510664564328,"0.14 (0.10, 0.18)"
5,0.001,7,0.14849916035991012,"0.15 (0.10, 0.19)"
