# features,alpha,# neurons,R2,R2 and PI
6,0.001,8,0.838978424615299,"0.84 (0.82, 0.86)"
6,0.001,9,0.8439101740459881,"0.84 (0.82, 0.86)"
6,0.001,10,0.8400424185045587,"0.84 (0.82, 0.86)"
7,0.001,8,0.8459771247773131,"0.85 (0.83, 0.87)"
7,0.001,9,0.8347430501682347,"0.83 (0.81, 0.86)"
7,0.001,10,0.8375169788847975,"0.84 (0.82, 0.86)"
8,0.001,8,0.843128337153936,"0.84 (0.82, 0.86)"
8,0.001,9,0.8258671614598789,"0.83 (0.81, 0.85)"
8,0.001,10,0.8391125293927079,"0.84 (0.82, 0.86)"
