# features,alpha,# neurons,R2,R2 and PI
5,0.001,7,0.11142779539991447,"0.11 (0.08, 0.14)"
5,0.001,8,0.10477302315229846,"0.10 (0.07, 0.14)"
6,0.001,7,0.10567336353573173,"0.11 (0.07, 0.14)"
6,0.001,8,0.09500375626007344,"0.10 (0.06, 0.13)"
