# features,alpha,# neurons,R2,R2 and PI
8,0.001,10,0.8661733692614616,"0.8662 (0.8410, 0.8914)"
8,0.001,12,0.8713640930905951,"0.8714 (0.8466, 0.8962)"
8,0.001,14,0.8620052389482294,"0.8620 (0.8366, 0.8874)"
10,0.001,10,0.866786750646732,"0.8668 (0.8417, 0.8919)"
10,0.001,12,0.8781193294744322,"0.8781 (0.8527, 0.9035)"
10,0.001,14,0.8694871330392816,"0.8695 (0.8448, 0.8942)"
12,0.001,10,0.8667289827625726,"0.8667 (0.8414, 0.8920)"
12,0.001,12,0.8815836101376153,"0.8816 (0.8580, 0.9052)"
12,0.001,14,0.8672757665357291,"0.8673 (0.8428, 0.8918)"
