# features,alpha,# neurons,R2,R2 and PI
5,0.001,7,0.8230986790097157,"0.82 (0.80, 0.85)"
5,0.001,8,0.821853412330162,"0.82 (0.79, 0.85)"
6,0.001,7,0.8240896720581029,"0.82 (0.80, 0.85)"
6,0.001,8,0.8163578445244111,"0.82 (0.79, 0.84)"
