# features,alpha,# neurons,R2,R2 and PI
5,0.001,7,0.53905805145793,"0.54 (0.50, 0.58)"
5,0.001,8,0.5272293604903306,"0.53 (0.48, 0.57)"
6,0.001,7,0.5437439345637681,"0.54 (0.50, 0.59)"
6,0.001,8,0.546143539334028,"0.55 (0.51, 0.59)"
