# features,alpha,# neurons,R2,R2 and PI
5,0.001,7,0.5872259508233142,"0.5872 (0.5325, 0.6420)"
5,0.001,8,0.5740964949792652,"0.5741 (0.5193, 0.6289)"
5,0.001,9,0.5953399797047444,"0.5953 (0.5421, 0.6485)"
6,0.001,7,0.5988618410139577,"0.5989 (0.5455, 0.6522)"
6,0.001,8,0.6099042725474498,"0.6099 (0.5558, 0.6640)"
6,0.001,9,0.5940888604338402,"0.5941 (0.5380, 0.6501)"
