# features,alpha,# neurons,R2,R2 and PI
8,0.001,10,0.4230389364803866,"0.4230 (0.3613, 0.4848)"
8,0.001,12,0.4328533169773713,"0.4329 (0.3708, 0.4949)"
10,0.001,10,0.4186711951880445,"0.4187 (0.3570, 0.4803)"
10,0.001,12,0.4211901793117697,"0.4212 (0.3600, 0.4824)"
