# features,alpha,# neurons,R2,R2 and PI
6,0.001,8,0.11419856897323714,"0.11 (0.08, 0.15)"
6,0.001,9,0.12351914470629266,"0.12 (0.09, 0.16)"
6,0.001,10,0.11603638013711697,"0.12 (0.08, 0.15)"
7,0.001,8,0.11580425408146222,"0.12 (0.08, 0.15)"
7,0.001,9,0.12151889349524267,"0.12 (0.08, 0.16)"
7,0.001,10,0.11443487679093094,"0.11 (0.08, 0.15)"
8,0.001,8,0.11668424799475441,"0.12 (0.08, 0.15)"
8,0.001,9,0.11125543706362669,"0.11 (0.07, 0.15)"
8,0.001,10,0.1256000276651371,"0.13 (0.09, 0.16)"
