# features,alpha,# neurons,R2,R2 and PI
6,0.001,8,0.49694205534363184,"0.50 (0.46, 0.54)"
6,0.001,9,0.49695912983723795,"0.50 (0.46, 0.54)"
6,0.001,10,0.4946618444200812,"0.49 (0.46, 0.53)"
7,0.001,8,0.49027454388264263,"0.49 (0.45, 0.53)"
7,0.001,9,0.49531479568887793,"0.50 (0.45, 0.54)"
7,0.001,10,0.4927729774683097,"0.49 (0.46, 0.53)"
8,0.001,8,0.49864622980778617,"0.50 (0.46, 0.54)"
8,0.001,9,0.4974271119878635,"0.50 (0.46, 0.54)"
8,0.001,10,0.49392652439533025,"0.49 (0.46, 0.53)"
