# features,alpha,# neurons,R2,R2 and PI
4,0.001,5,0.8234344484894791,"0.82 (0.80, 0.85)"
4,0.001,7,0.8254739228403073,"0.83 (0.80, 0.85)"
