# features,alpha,# neurons,R2,R2 and PI
4,0.001,5,0.8603564559092793,"0.8604 (0.8340, 0.8867)"
4,0.001,7,0.8634993367457315,"0.8635 (0.8382, 0.8888)"
