# features,alpha,# neurons,R2,R2 and PI
4,0.001,5,0.07130707986489253,"0.07 (0.04, 0.10)"
4,0.001,7,0.06833036632000686,"0.07 (0.04, 0.10)"
