# features,alpha,# neurons,R2,R2 and PI
6,0.001,8,0.2887509579785741,"0.2888 (0.2345, 0.3430)"
6,0.001,9,0.27658176528134737,"0.2766 (0.2231, 0.3301)"
6,0.001,10,0.2778968994984014,"0.2779 (0.2225, 0.3333)"
7,0.001,8,0.2772269496944462,"0.2772 (0.2211, 0.3334)"
7,0.001,9,0.27277924292677624,"0.2728 (0.2177, 0.3278)"
7,0.001,10,0.28770476044185866,"0.2877 (0.2309, 0.3445)"
8,0.001,8,0.28290120071900576,"0.2829 (0.2267, 0.3391)"
8,0.001,9,0.2818660718524861,"0.2819 (0.2285, 0.3352)"
8,0.001,10,0.2863594378901531,"0.2864 (0.2310, 0.3417)"
