# features,alpha,# neurons,R2,R2 and PI
4,0.001,5,0.5048884216123359,"0.5049 (0.4539, 0.5559)"
4,0.001,7,0.5013599014544535,"0.5014 (0.4492, 0.5536)"
