# features,alpha,# neurons,R2,R2 and PI
6,0.001,8,0.8362660419280645,"0.84 (0.81, 0.86)"
6,0.001,9,0.8449109167847701,"0.84 (0.83, 0.86)"
6,0.001,10,0.841203197718896,"0.84 (0.82, 0.86)"
7,0.001,8,0.8420728811295426,"0.84 (0.82, 0.86)"
7,0.001,9,0.8396322755127322,"0.84 (0.82, 0.86)"
7,0.001,10,0.8266964703673348,"0.83 (0.81, 0.85)"
8,0.001,8,0.8406768672960272,"0.84 (0.82, 0.86)"
8,0.001,9,0.8345944211615544,"0.83 (0.81, 0.85)"
8,0.001,10,0.8348647076323633,"0.83 (0.82, 0.85)"
