# features,alpha,# neurons,R2,R2 and PI
4,0.001,6,0.8332724928951645,"0.83 (0.81, 0.86)"
4,0.001,7,0.8283680730121391,"0.83 (0.80, 0.86)"
5,0.001,6,0.8280259235162895,"0.83 (0.80, 0.85)"
5,0.001,7,0.8379093658615892,"0.84 (0.81, 0.86)"
