# features,alpha,# neurons,R2,R2 and PI
5,0.001,7,0.4593451552715518,"0.46 (0.39, 0.53)"
5,0.001,8,0.45420386051113937,"0.45 (0.39, 0.52)"
6,0.001,7,0.4588549870079558,"0.46 (0.39, 0.52)"
6,0.001,8,0.4502507410309395,"0.45 (0.39, 0.51)"
