# features,alpha,# neurons,R2,R2 and PI
5,0.001,7,0.49626176936165745,"0.50 (0.46, 0.53)"
5,0.001,8,0.4897495521543009,"0.49 (0.45, 0.53)"
6,0.001,7,0.4925511476357832,"0.49 (0.46, 0.53)"
6,0.001,8,0.49694205534363184,"0.50 (0.46, 0.54)"
