# features,alpha,# neurons,R2,R2 and PI
5,0.001,7,0.13959651584718485,"0.14 (0.10, 0.18)"
5,0.001,8,0.139577784066087,"0.14 (0.11, 0.17)"
6,0.001,7,0.12400235597584108,"0.12 (0.09, 0.16)"
6,0.001,8,0.1274662952809585,"0.13 (0.09, 0.16)"
