# features,alpha,# neurons,R2,R2 and PI
5,0.001,7,0.5693942276221168,"0.57 (0.51, 0.63)"
5,0.001,8,0.5660092957603853,"0.57 (0.51, 0.62)"
6,0.001,7,0.5699998902487303,"0.57 (0.51, 0.63)"
6,0.001,8,0.5691093716675176,"0.57 (0.51, 0.63)"
