# features,alpha,# neurons,R2,R2 and PI
4,0.001,5,0.8407097309014582,"0.8407 (0.8125, 0.8689)"
4,0.001,7,0.8426821804074512,"0.8427 (0.8151, 0.8702)"
5,0.001,5,0.84940854617181,"0.8494 (0.8225, 0.8763)"
5,0.001,7,0.8601631047895586,"0.8602 (0.8340, 0.8863)"
