# features,alpha,# neurons,R2,R2 and PI
6,0.001,8,0.6179510735186426,"0.6180 (0.5671, 0.6688)"
6,0.001,9,0.6021775210128928,"0.6022 (0.5489, 0.6554)"
6,0.001,10,0.6066908111871296,"0.6067 (0.5563, 0.6570)"
7,0.001,8,0.6063070934107,"0.6063 (0.5535, 0.6591)"
7,0.001,9,0.6046218180222824,"0.6046 (0.5550, 0.6542)"
7,0.001,10,0.6019909909048499,"0.6020 (0.5517, 0.6522)"
8,0.001,8,0.6099571187371063,"0.6100 (0.5568, 0.6632)"
8,0.001,9,0.6075939287976976,"0.6076 (0.5559, 0.6593)"
8,0.001,10,0.6047570492582885,"0.6048 (0.5534, 0.6561)"
