# features,alpha,# neurons,R2,R2 and PI
4,0.001,6,0.4099402045849005,"0.41 (0.37, 0.45)"
4,0.001,7,0.4105234687240884,"0.41 (0.37, 0.45)"
5,0.001,6,0.4108849026254579,"0.41 (0.37, 0.45)"
5,0.001,7,0.41991540815685163,"0.42 (0.38, 0.46)"
