# features,alpha,# neurons,R2,R2 and PI
4,0.001,6,0.08835945106492399,"0.09 (0.05, 0.13)"
4,0.001,7,0.08424108786229119,"0.08 (0.05, 0.12)"
5,0.001,6,0.08749594473845854,"0.09 (0.05, 0.13)"
5,0.001,7,0.08755998583390809,"0.09 (0.05, 0.13)"
