# features,alpha,# neurons,R2,R2 and PI
5,0.001,7,0.14040083294436873,"0.14 (0.10, 0.18)"
5,0.001,8,0.14039444526123107,"0.14 (0.11, 0.18)"
6,0.001,7,0.1251365551286095,"0.13 (0.09, 0.16)"
6,0.001,8,0.12806978085882945,"0.13 (0.09, 0.16)"
