# features,alpha,# neurons,R2,R2 and PI
6,0.001,8,0.12594775196115213,"0.1259 (0.0868, 0.1651)"
6,0.001,9,0.12999767575358168,"0.1300 (0.0926, 0.1674)"
6,0.001,10,0.12997708113121267,"0.1300 (0.0904, 0.1695)"
7,0.001,8,0.1261853942367927,"0.1262 (0.0914, 0.1609)"
7,0.001,9,0.13385881041796113,"0.1339 (0.1013, 0.1665)"
7,0.001,10,0.12103840706876831,"0.1210 (0.0843, 0.1578)"
8,0.001,8,0.1233049862746444,"0.1233 (0.0808, 0.1659)"
8,0.001,9,0.13423021516699446,"0.1342 (0.1002, 0.1682)"
8,0.001,10,0.1277183841917842,"0.1277 (0.0922, 0.1632)"
