# features,alpha,# neurons,R2,R2 and PI
6,0.001,8,0.48664787017857847,"0.4866 (0.4218, 0.5514)"
6,0.001,9,0.47834181014427013,"0.4783 (0.4058, 0.5509)"
6,0.001,10,0.45933097649813587,"0.4593 (0.3781, 0.5405)"
7,0.001,8,0.47221389453217827,"0.4722 (0.3991, 0.5453)"
7,0.001,9,0.46618979239976255,"0.4662 (0.3936, 0.5388)"
7,0.001,10,0.4675062002491573,"0.4675 (0.3923, 0.5427)"
8,0.001,8,0.4729319768724013,"0.4729 (0.3920, 0.5538)"
8,0.001,9,0.47294364063142824,"0.4729 (0.3951, 0.5508)"
8,0.001,10,0.46733335578644375,"0.4673 (0.3878, 0.5469)"
