# features,alpha,# neurons,R2,R2 and PI
4,0.001,6,0.26548149510636304,"0.2655 (0.2199, 0.3111)"
4,0.001,7,0.2693607772002211,"0.2694 (0.2194, 0.3193)"
5,0.001,6,0.26304322370029765,"0.2630 (0.2175, 0.3086)"
5,0.001,7,0.2610911217008869,"0.2611 (0.2118, 0.3104)"
