# features,alpha,# neurons,R2,R2 and PI
8,0.001,10,0.8665151870885855,"0.8665 (0.8420, 0.8910)"
8,0.001,12,0.8670978578906174,"0.8671 (0.8432, 0.8910)"
8,0.001,14,0.8687234261144432,"0.8687 (0.8434, 0.8940)"
10,0.001,10,0.8653837716127581,"0.8654 (0.8406, 0.8902)"
10,0.001,12,0.8645977762613615,"0.8646 (0.8395, 0.8897)"
10,0.001,14,0.8724051580403043,"0.8724 (0.8491, 0.8957)"
11,0.001,10,0.8611172998812344,"0.8611 (0.8357, 0.8865)"
11,0.001,12,0.8608599101739725,"0.8609 (0.8350, 0.8868)"
11,0.001,14,0.8737019529199447,"0.8737 (0.8506, 0.8968)"
