# features,alpha,# neurons,R2,R2 and PI
8,0.001,10,0.5889632551851618,"0.5890 (0.5377, 0.6402)"
8,0.001,12,0.6063470231052988,"0.6063 (0.5579, 0.6548)"
10,0.001,10,0.6011857077433875,"0.6012 (0.5511, 0.6513)"
10,0.001,12,0.6035914258589891,"0.6036 (0.5534, 0.6538)"
