# features,alpha,# neurons,R2,R2 and PI
4,0.001,6,0.07010530100663634,"0.07 (0.04, 0.10)"
4,0.001,7,0.07423731795140252,"0.07 (0.04, 0.11)"
5,0.001,6,0.07783303771380791,"0.08 (0.04, 0.11)"
5,0.001,7,0.07976550524940626,"0.08 (0.04, 0.12)"
