# features,alpha,# neurons,R2,R2 and PI
6,0.001,8,0.8387283760814462,"0.84 (0.82, 0.86)"
6,0.001,9,0.8482095566994958,"0.85 (0.83, 0.87)"
6,0.001,10,0.8399250233658553,"0.84 (0.82, 0.86)"
7,0.001,8,0.8457881574948608,"0.85 (0.83, 0.87)"
7,0.001,9,0.8375282115443679,"0.84 (0.82, 0.86)"
7,0.001,10,0.8374724388306015,"0.84 (0.82, 0.86)"
8,0.001,8,0.8429520836006382,"0.84 (0.82, 0.86)"
8,0.001,9,0.8341638372071157,"0.83 (0.81, 0.85)"
8,0.001,10,0.839146739098726,"0.84 (0.82, 0.86)"
