# features,alpha,# neurons,R2,R2 and PI
6,0.001,8,0.5448328723065345,"0.54 (0.50, 0.59)"
6,0.001,9,0.5449525275226852,"0.54 (0.50, 0.59)"
6,0.001,10,0.5359425794330686,"0.54 (0.49, 0.58)"
7,0.001,8,0.5398908074768645,"0.54 (0.50, 0.58)"
7,0.001,9,0.5426080896363374,"0.54 (0.50, 0.59)"
7,0.001,10,0.5398527610060195,"0.54 (0.50, 0.58)"
8,0.001,8,0.5463015357680698,"0.55 (0.50, 0.59)"
8,0.001,9,0.5429740656225466,"0.54 (0.50, 0.59)"
8,0.001,10,0.5415117843797039,"0.54 (0.50, 0.58)"
