# features,alpha,# neurons,R2,R2 and PI
5,0.001,7,0.12389000024703041,"0.12 (0.09, 0.16)"
5,0.001,8,0.1164863124425329,"0.12 (0.08, 0.15)"
6,0.001,7,0.11341814428207146,"0.11 (0.08, 0.15)"
6,0.001,8,0.11309079727218004,"0.11 (0.08, 0.15)"
