# features,alpha,# neurons,R2,R2 and PI
6,0.001,8,0.24080998335976522,"0.24 (0.18, 0.30)"
6,0.001,9,0.23724820370421745,"0.24 (0.18, 0.30)"
6,0.001,10,0.23834097276187002,"0.24 (0.18, 0.30)"
7,0.001,8,0.24181268314476045,"0.24 (0.19, 0.30)"
7,0.001,9,0.24732074304324997,"0.25 (0.19, 0.30)"
7,0.001,10,0.23775370628961484,"0.24 (0.18, 0.29)"
8,0.001,8,0.24244591018017933,"0.24 (0.19, 0.30)"
8,0.001,9,0.24248264371886252,"0.24 (0.19, 0.30)"
8,0.001,10,0.24396447955341466,"0.24 (0.19, 0.30)"
