# features,alpha,# neurons,R2,R2 and PI
4,0.001,6,0.41160027411411637,"0.41 (0.37, 0.45)"
4,0.001,7,0.41104592228342574,"0.41 (0.38, 0.45)"
5,0.001,6,0.41187833469033047,"0.41 (0.37, 0.45)"
5,0.001,7,0.42089528938737797,"0.42 (0.38, 0.46)"
