# features,alpha,# neurons,R2,R2 and PI
4,0.001,6,0.5309339249071515,"0.5309 (0.4835, 0.5784)"
4,0.001,7,0.5248240611798078,"0.5248 (0.4784, 0.5713)"
5,0.001,6,0.515327602249461,"0.5153 (0.4700, 0.5607)"
5,0.001,7,0.5306551475681973,"0.5307 (0.4819, 0.5794)"
