# features,alpha,# neurons,R2,R2 and PI
5,0.001,7,0.8411696186329021,"0.84 (0.82, 0.86)"
5,0.001,8,0.8319625894110846,"0.83 (0.81, 0.86)"
6,0.001,7,0.8341084068298293,"0.83 (0.81, 0.86)"
6,0.001,8,0.8240073568402921,"0.82 (0.80, 0.85)"
