# features,alpha,# neurons,R2,R2 and PI
5,0.001,7,0.46384085467021163,"0.46 (0.42, 0.51)"
5,0.001,8,0.45267473210299203,"0.45 (0.41, 0.49)"
6,0.001,7,0.4688042704081992,"0.47 (0.43, 0.51)"
6,0.001,8,0.4698737471854712,"0.47 (0.43, 0.51)"
