# features,alpha,# neurons,R2,R2 and PI
6,0.001,8,0.11463637830812493,"0.11 (0.08, 0.15)"
6,0.001,9,0.12370701388118666,"0.12 (0.09, 0.16)"
6,0.001,10,0.11618774702188801,"0.12 (0.08, 0.15)"
7,0.001,8,0.11605043184187214,"0.12 (0.08, 0.16)"
7,0.001,9,0.12167270608099438,"0.12 (0.08, 0.16)"
7,0.001,10,0.11475472966880196,"0.11 (0.08, 0.15)"
8,0.001,8,0.11700115270960947,"0.12 (0.08, 0.15)"
8,0.001,9,0.11134082688830416,"0.11 (0.08, 0.15)"
8,0.001,10,0.12572171086801182,"0.13 (0.09, 0.16)"
