# features,alpha,# neurons,R2,R2 and PI
5,0.001,7,0.4143399697416107,"0.41 (0.38, 0.45)"
5,0.001,8,0.41064445488112405,"0.41 (0.37, 0.45)"
6,0.001,7,0.4143228506488219,"0.41 (0.38, 0.45)"
6,0.001,8,0.4024476981443697,"0.40 (0.37, 0.44)"
