# features,alpha,# neurons,R2,R2 and PI
6,0.001,8,0.46915069144049104,"0.47 (0.43, 0.51)"
6,0.001,9,0.47308045339036464,"0.47 (0.43, 0.51)"
6,0.001,10,0.45738075612015505,"0.46 (0.41, 0.50)"
7,0.001,8,0.46265142015270994,"0.46 (0.42, 0.50)"
7,0.001,9,0.45828073788894147,"0.46 (0.41, 0.50)"
7,0.001,10,0.4604283682879788,"0.46 (0.42, 0.51)"
8,0.001,8,0.46587017010687637,"0.47 (0.42, 0.51)"
8,0.001,9,0.46688729924575945,"0.47 (0.42, 0.51)"
8,0.001,10,0.4632491399315404,"0.46 (0.42, 0.51)"
