# features,alpha,# neurons,R2,R2 and PI
8,0.001,10,0.5969393152253898,"0.5969 (0.5481, 0.6458)"
8,0.001,12,0.6075767748936677,"0.6076 (0.5600, 0.6551)"
10,0.001,10,0.6115539571344811,"0.6116 (0.5643, 0.6588)"
10,0.001,12,0.6108808888999029,"0.6109 (0.5632, 0.6585)"
