# features,alpha,# neurons,R2,R2 and PI
5,0.001,7,0.8299993798587921,"0.83 (0.80, 0.86)"
5,0.001,8,0.8287841341073922,"0.83 (0.81, 0.85)"
6,0.001,7,0.8284157594035502,"0.83 (0.81, 0.85)"
6,0.001,8,0.8208298814326408,"0.82 (0.80, 0.85)"
