# features,alpha,# neurons,R2,R2 and PI
6,0.001,8,0.12594775196115213,"0.13 (0.09, 0.17)"
6,0.001,9,0.12999767575358168,"0.13 (0.09, 0.17)"
6,0.001,10,0.12997708113121267,"0.13 (0.09, 0.17)"
7,0.001,8,0.1261853942367927,"0.13 (0.09, 0.16)"
7,0.001,9,0.13385881041796113,"0.13 (0.10, 0.17)"
7,0.001,10,0.12103840706876831,"0.12 (0.08, 0.16)"
8,0.001,8,0.1233049862746444,"0.12 (0.08, 0.17)"
8,0.001,9,0.13423021516699446,"0.13 (0.10, 0.17)"
8,0.001,10,0.1277183841917842,"0.13 (0.09, 0.16)"
