# features,alpha,# neurons,R2,R2 and PI
4,0.001,5,0.4077089658851832,"0.41 (0.37, 0.45)"
4,0.001,7,0.40991954038282125,"0.41 (0.37, 0.45)"
