# features,alpha,# neurons,R2,R2 and PI
6,0.001,8,0.1252293329083937,"0.1252 (0.0862, 0.1642)"
6,0.001,9,0.12917962742072617,"0.1292 (0.0920, 0.1664)"
6,0.001,10,0.12911632876608556,"0.1291 (0.0899, 0.1684)"
7,0.001,8,0.12527350775220428,"0.1253 (0.0907, 0.1598)"
7,0.001,9,0.132986709038486,"0.1330 (0.1006, 0.1654)"
7,0.001,10,0.12033197488163772,"0.1203 (0.0838, 0.1569)"
8,0.001,8,0.12247590612197627,"0.1225 (0.0801, 0.1648)"
8,0.001,9,0.13288025307675078,"0.1329 (0.0992, 0.1665)"
8,0.001,10,0.12653672702830765,"0.1265 (0.0910, 0.1620)"
