# features,alpha,# neurons,R2,R2 and PI
6,0.001,8,0.1439381501366861,"0.14 (0.10, 0.19)"
6,0.001,9,0.1503620814865235,"0.15 (0.10, 0.20)"
6,0.001,10,0.14309327626147175,"0.14 (0.09, 0.20)"
7,0.001,8,0.13819561825136195,"0.14 (0.08, 0.20)"
7,0.001,9,0.14121616153166658,"0.14 (0.09, 0.19)"
7,0.001,10,0.1440302773465978,"0.14 (0.10, 0.19)"
8,0.001,8,0.1455112300003113,"0.15 (0.09, 0.20)"
8,0.001,9,0.14525009816657392,"0.15 (0.10, 0.19)"
8,0.001,10,0.14875294286229052,"0.15 (0.10, 0.20)"
