# features,alpha,# neurons,R2,R2 and PI
6,0.001,8,0.5794790406174725,"0.58 (0.52, 0.64)"
6,0.001,9,0.5744759721476772,"0.57 (0.51, 0.64)"
6,0.001,10,0.5736375632808862,"0.57 (0.52, 0.63)"
7,0.001,8,0.5741963700048587,"0.57 (0.51, 0.63)"
7,0.001,9,0.5759580131299563,"0.58 (0.52, 0.63)"
7,0.001,10,0.5719086652945766,"0.57 (0.51, 0.63)"
8,0.001,8,0.5752557125878981,"0.58 (0.52, 0.63)"
8,0.001,9,0.5753657294857483,"0.58 (0.52, 0.63)"
8,0.001,10,0.5753737188158893,"0.58 (0.52, 0.63)"
