# features,alpha,# neurons,R2,R2 and PI
5,0.001,7,0.39838923373121415,"0.3984 (0.3359, 0.4609)"
5,0.001,8,0.39560456809797623,"0.3956 (0.3334, 0.4578)"
6,0.001,7,0.39475885986197073,"0.3948 (0.3335, 0.4561)"
6,0.001,8,0.40250120350138696,"0.4025 (0.3379, 0.4671)"
