# features,alpha,# neurons,R2,R2 and PI
5,0.001,7,0.4399034942672156,"0.44 (0.41, 0.47)"
5,0.001,8,0.42983774479067066,"0.43 (0.40, 0.46)"
6,0.001,7,0.4315600638747362,"0.43 (0.40, 0.47)"
6,0.001,8,0.43868874919885226,"0.44 (0.41, 0.47)"
