# features,alpha,# neurons,R2,R2 and PI
6,0.001,8,0.46915069144049104,"0.4692 (0.4279, 0.5104)"
6,0.001,9,0.47308045339036464,"0.4731 (0.4349, 0.5113)"
6,0.001,10,0.45738075612015505,"0.4574 (0.4106, 0.5041)"
7,0.001,8,0.46265142015270994,"0.4627 (0.4225, 0.5028)"
7,0.001,9,0.45828073788894147,"0.4583 (0.4137, 0.5029)"
7,0.001,10,0.4604283682879788,"0.4604 (0.4150, 0.5058)"
8,0.001,8,0.46587017010687637,"0.4659 (0.4213, 0.5104)"
8,0.001,9,0.46688729924575945,"0.4669 (0.4240, 0.5098)"
8,0.001,10,0.4632491399315404,"0.4632 (0.4204, 0.5061)"
