# features,alpha,# neurons,R2,R2 and PI
5,0.001,7,0.5812544225795608,"0.5813 (0.5262, 0.6364)"
5,0.001,8,0.5751450322823052,"0.5751 (0.5230, 0.6273)"
6,0.001,7,0.6009637566961673,"0.6010 (0.5468, 0.6551)"
6,0.001,8,0.6118524460305776,"0.6119 (0.5579, 0.6658)"
