# features,alpha,# neurons,R2,R2 and PI
6,0.001,8,0.8170001043912137,"0.8170 (0.7962, 0.8378)"
6,0.001,9,0.8410093873447492,"0.8410 (0.8225, 0.8595)"
6,0.001,10,0.8440438921036109,"0.8440 (0.8249, 0.8632)"
7,0.001,8,0.8278246294269648,"0.8278 (0.8087, 0.8470)"
7,0.001,9,0.8411199115057754,"0.8411 (0.8212, 0.8610)"
7,0.001,10,0.8373698228296271,"0.8374 (0.8170, 0.8577)"
8,0.001,8,0.8268483095472053,"0.8268 (0.8066, 0.8471)"
8,0.001,9,0.8337274069932956,"0.8337 (0.8153, 0.8522)"
8,0.001,10,0.8358224886659403,"0.8358 (0.8158, 0.8559)"
