# features,alpha,# neurons,R2,R2 and PI
6,0.001,8,0.8170001043912137,"0.82 (0.80, 0.84)"
6,0.001,9,0.8410093873447492,"0.84 (0.82, 0.86)"
6,0.001,10,0.8440438921036109,"0.84 (0.82, 0.86)"
7,0.001,8,0.8278246294269648,"0.83 (0.81, 0.85)"
7,0.001,9,0.8411199115057754,"0.84 (0.82, 0.86)"
7,0.001,10,0.8373698228296271,"0.84 (0.82, 0.86)"
8,0.001,8,0.8268483095472053,"0.83 (0.81, 0.85)"
8,0.001,9,0.8337274069932956,"0.83 (0.82, 0.85)"
8,0.001,10,0.8358224886659403,"0.84 (0.82, 0.86)"
