# features,alpha,# neurons,R2,R2 and PI
5,0.001,7,0.11424265885366928,"0.11 (0.08, 0.15)"
5,0.001,8,0.1049118460364796,"0.10 (0.07, 0.14)"
6,0.001,7,0.1071885054565302,"0.11 (0.07, 0.14)"
6,0.001,8,0.10256226763630258,"0.10 (0.07, 0.14)"
