# features,alpha,# neurons,R2,R2 and PI
6,0.001,8,0.24897528428849847,"0.25 (0.19, 0.31)"
6,0.001,9,0.25329096623004066,"0.25 (0.20, 0.31)"
6,0.001,10,0.24988330166680636,"0.25 (0.19, 0.31)"
7,0.001,8,0.2513552264801073,"0.25 (0.19, 0.31)"
7,0.001,9,0.24816487115476873,"0.25 (0.18, 0.31)"
7,0.001,10,0.2505259618304943,"0.25 (0.19, 0.31)"
8,0.001,8,0.24896000147326322,"0.25 (0.19, 0.31)"
8,0.001,9,0.24300042116826864,"0.24 (0.18, 0.31)"
8,0.001,10,0.25121242040820907,"0.25 (0.19, 0.31)"
