# features,alpha,# neurons,R2,R2 and PI
5,0.001,7,0.39838923373121415,"0.3984 (0.3359, 0.4609)"
5,0.001,8,0.3965604828688124,"0.3966 (0.3351, 0.4580)"
5,0.001,9,0.4017834638942457,"0.4018 (0.3397, 0.4639)"
6,0.001,7,0.39475885986197073,"0.3948 (0.3335, 0.4561)"
6,0.001,8,0.40470306242236403,"0.4047 (0.3409, 0.4685)"
6,0.001,9,0.4094760148173224,"0.4095 (0.3457, 0.4733)"
