# features,alpha,# neurons,R2,R2 and PI
6,0.001,8,0.546143539334028,"0.55 (0.51, 0.59)"
6,0.001,9,0.5460357550193796,"0.55 (0.51, 0.59)"
6,0.001,10,0.5372649604105961,"0.54 (0.49, 0.58)"
7,0.001,8,0.5414083465465931,"0.54 (0.50, 0.58)"
7,0.001,9,0.5436924078250592,"0.54 (0.50, 0.59)"
7,0.001,10,0.5409402051321542,"0.54 (0.50, 0.58)"
8,0.001,8,0.5474168020541743,"0.55 (0.51, 0.59)"
8,0.001,9,0.544001353216682,"0.54 (0.50, 0.59)"
8,0.001,10,0.5426636087049477,"0.54 (0.50, 0.58)"
