# features,alpha,# neurons,R2,R2 and PI
5,0.001,7,0.24393500402192547,"0.24 (0.19, 0.30)"
5,0.001,8,0.2404741445780329,"0.24 (0.18, 0.30)"
6,0.001,7,0.24711295685843188,"0.25 (0.19, 0.31)"
6,0.001,8,0.24496653685173006,"0.24 (0.19, 0.30)"
