# features,alpha,# neurons,R2,R2 and PI
5,0.001,7,0.4132501111010428,"0.41 (0.37, 0.45)"
5,0.001,8,0.41054305298717814,"0.41 (0.37, 0.45)"
6,0.001,7,0.4126354789124466,"0.41 (0.37, 0.45)"
6,0.001,8,0.4016889370901372,"0.40 (0.36, 0.44)"
