# features,alpha,# neurons,R2,R2 and PI
8,0.001,10,0.5889632551851618,"0.5890 (0.5377, 0.6402)"
8,0.001,12,0.6063470231052988,"0.6063 (0.5579, 0.6548)"
8,0.001,14,0.5934982526935175,"0.5935 (0.5411, 0.6459)"
10,0.001,10,0.6011857077433875,"0.6012 (0.5511, 0.6513)"
10,0.001,12,0.6035914258589891,"0.6036 (0.5534, 0.6538)"
10,0.001,14,0.5990582741034876,"0.5991 (0.5483, 0.6498)"
11,0.001,10,0.584261819140578,"0.5843 (0.5329, 0.6356)"
11,0.001,12,0.6014894694709804,"0.6015 (0.5500, 0.6530)"
11,0.001,14,0.5874270732763528,"0.5874 (0.5360, 0.6389)"
