# features,alpha,# neurons,R2,R2 and PI
6,0.001,8,0.8362660419280645,"0.8363 (0.8148, 0.8577)"
6,0.001,9,0.8449109167847701,"0.8449 (0.8251, 0.8647)"
6,0.001,10,0.841203197718896,"0.8412 (0.8220, 0.8604)"
7,0.001,8,0.8420728811295426,"0.8421 (0.8234, 0.8607)"
7,0.001,9,0.8396322755127322,"0.8396 (0.8203, 0.8589)"
7,0.001,10,0.8266964703673348,"0.8267 (0.8077, 0.8457)"
8,0.001,8,0.8406768672960272,"0.8407 (0.8191, 0.8623)"
8,0.001,9,0.8345944211615544,"0.8346 (0.8149, 0.8543)"
8,0.001,10,0.8348647076323633,"0.8349 (0.8163, 0.8534)"
