# features,alpha,# neurons,R2,R2 and PI
5,0.001,7,0.0838565437227416,"0.08 (0.05, 0.12)"
5,0.001,8,0.0811023722315052,"0.08 (0.04, 0.12)"
6,0.001,7,0.08183794260352699,"0.08 (0.04, 0.12)"
6,0.001,8,0.07794437926405921,"0.08 (0.04, 0.12)"
