# features,alpha,# neurons,R2,R2 and PI
5,0.001,7,0.8276692079121866,"0.83 (0.80, 0.85)"
5,0.001,8,0.8190961485128548,"0.82 (0.80, 0.84)"
6,0.001,7,0.8250191410676827,"0.83 (0.80, 0.85)"
6,0.001,8,0.8169651473082329,"0.82 (0.80, 0.84)"
