# features,alpha,# neurons,R2,R2 and PI
4,0.001,5,0.22676207078894156,"0.2268 (0.1741, 0.2794)"
4,0.001,7,0.23225598435607625,"0.2323 (0.1809, 0.2836)"
