# features,alpha,# neurons,R2,R2 and PI
5,0.001,7,0.5703546399533395,"0.57 (0.51, 0.63)"
5,0.001,8,0.566920466622335,"0.57 (0.51, 0.62)"
6,0.001,7,0.5709530498983899,"0.57 (0.52, 0.63)"
6,0.001,8,0.5697789244238376,"0.57 (0.51, 0.63)"
