# features,alpha,# neurons,R2,R2 and PI
5,0.001,7,0.12377042530641398,"0.12 (0.09, 0.16)"
5,0.001,8,0.11633984424248722,"0.12 (0.08, 0.15)"
6,0.001,7,0.11325579733137736,"0.11 (0.08, 0.15)"
6,0.001,8,0.11297911553770064,"0.11 (0.08, 0.15)"
