# features,alpha,# neurons,R2,R2 and PI
5,0.001,7,0.146494583438285,"0.15 (0.10, 0.19)"
5,0.001,8,0.14280042036484192,"0.14 (0.09, 0.19)"
6,0.001,7,0.1531081380970269,"0.15 (0.11, 0.20)"
6,0.001,8,0.14340908040843173,"0.14 (0.09, 0.19)"
