# features,alpha,# neurons,R2,R2 and PI
5,0.001,7,0.07698814918359294,"0.08 (0.04, 0.11)"
5,0.001,8,0.07336772362299512,"0.07 (0.04, 0.11)"
6,0.001,7,0.07474965883383392,"0.07 (0.03, 0.12)"
6,0.001,8,0.07008105262904402,"0.07 (0.03, 0.11)"
