# features,alpha,# neurons,R2,R2 and PI
6,0.001,8,0.241598057331211,"0.24 (0.19, 0.30)"
6,0.001,9,0.2379231700384822,"0.24 (0.18, 0.30)"
6,0.001,10,0.2385330813074646,"0.24 (0.18, 0.30)"
7,0.001,8,0.2443311792331973,"0.24 (0.19, 0.30)"
7,0.001,9,0.24729280360409386,"0.25 (0.19, 0.30)"
7,0.001,10,0.23834577294101683,"0.24 (0.18, 0.30)"
8,0.001,8,0.24483337901191765,"0.24 (0.19, 0.30)"
8,0.001,9,0.2435018388438607,"0.24 (0.19, 0.30)"
8,0.001,10,0.2443326430688612,"0.24 (0.19, 0.30)"
