# features,alpha,# neurons,R2,R2 and PI
5,0.001,7,0.5807910954916811,"0.5808 (0.5251, 0.6365)"
5,0.001,8,0.5816783623886123,"0.5817 (0.5276, 0.6358)"
6,0.001,7,0.6012103549840774,"0.6012 (0.5465, 0.6560)"
6,0.001,8,0.6051422405604441,"0.6051 (0.5505, 0.6598)"
