# features,alpha,# neurons,R2,R2 and PI
6,0.001,8,0.24496653685173006,"0.24 (0.19, 0.30)"
6,0.001,9,0.24959176681120976,"0.25 (0.20, 0.30)"
6,0.001,10,0.245917996930375,"0.25 (0.19, 0.31)"
7,0.001,8,0.24763707124515705,"0.25 (0.19, 0.30)"
7,0.001,9,0.24398815450346129,"0.24 (0.18, 0.31)"
7,0.001,10,0.2467384195356571,"0.25 (0.19, 0.31)"
8,0.001,8,0.2448267973189746,"0.24 (0.19, 0.30)"
8,0.001,9,0.2396523693069073,"0.24 (0.18, 0.30)"
8,0.001,10,0.24756942944294513,"0.25 (0.19, 0.31)"
