# features,alpha,# neurons,R2,R2 and PI
5,0.001,7,0.8624940176243371,"0.8625 (0.8362, 0.8888)"
5,0.001,8,0.8657859005308541,"0.8658 (0.8411, 0.8905)"
5,0.001,9,0.8849742125578726,"0.8850 (0.8629, 0.9071)"
6,0.001,7,0.8612547630502299,"0.8613 (0.8352, 0.8873)"
6,0.001,8,0.8495486212670645,"0.8495 (0.8219, 0.8772)"
6,0.001,9,0.8684879941235903,"0.8685 (0.8434, 0.8936)"
