# features,alpha,# neurons,R2,R2 and PI
6,0.001,8,0.41551805660107927,"0.4155 (0.3453, 0.4858)"
6,0.001,9,0.43917311736792897,"0.4392 (0.3680, 0.5103)"
6,0.001,10,0.4168025829975999,"0.4168 (0.3419, 0.4917)"
7,0.001,8,0.42608690250505965,"0.4261 (0.3540, 0.4982)"
7,0.001,9,0.41897639710494633,"0.4190 (0.3447, 0.4933)"
7,0.001,10,0.4096011029712209,"0.4096 (0.3348, 0.4844)"
8,0.001,8,0.41682848692215374,"0.4168 (0.3465, 0.4871)"
8,0.001,9,0.4298784092120666,"0.4299 (0.3582, 0.5016)"
8,0.001,10,0.4224242100153788,"0.4224 (0.3478, 0.4971)"
