# features,alpha,# neurons,R2,R2 and PI
4,0.001,6,0.26477307125964866,"0.2648 (0.2187, 0.3108)"
4,0.001,7,0.26884445599561746,"0.2688 (0.2184, 0.3193)"
5,0.001,6,0.26217712893099515,"0.2622 (0.2163, 0.3081)"
5,0.001,7,0.26022669126950804,"0.2602 (0.2105, 0.3099)"
