# features,alpha,# neurons,R2,R2 and PI
5,0.001,7,0.24681052493493616,"0.25 (0.19, 0.30)"
5,0.001,8,0.23781355933429782,"0.24 (0.18, 0.29)"
6,0.001,7,0.2438931997676356,"0.24 (0.19, 0.30)"
6,0.001,8,0.24285522317052174,"0.24 (0.19, 0.30)"
