# features,alpha,# neurons,R2,R2 and PI
5,0.001,7,0.8358277836988215,"0.84 (0.81, 0.86)"
5,0.001,8,0.8269626708532094,"0.83 (0.80, 0.85)"
6,0.001,7,0.8298367027723156,"0.83 (0.80, 0.86)"
6,0.001,8,0.8236625153147955,"0.82 (0.80, 0.85)"
