# features,alpha,# neurons,R2,R2 and PI
6,0.001,8,0.1252293329083937,"0.13 (0.09, 0.16)"
6,0.001,9,0.12917962742072617,"0.13 (0.09, 0.17)"
6,0.001,10,0.12911632876608556,"0.13 (0.09, 0.17)"
7,0.001,8,0.12527350775220428,"0.13 (0.09, 0.16)"
7,0.001,9,0.132986709038486,"0.13 (0.10, 0.17)"
7,0.001,10,0.12033197488163772,"0.12 (0.08, 0.16)"
8,0.001,8,0.12247590612197627,"0.12 (0.08, 0.16)"
8,0.001,9,0.13288025307675078,"0.13 (0.10, 0.17)"
8,0.001,10,0.12653672702830765,"0.13 (0.09, 0.16)"
