# features,alpha,# neurons,R2,R2 and PI
5,0.001,7,0.07834985112683537,"0.08 (0.04, 0.12)"
5,0.001,8,0.07472927253853948,"0.07 (0.04, 0.11)"
6,0.001,7,0.07373007472748122,"0.07 (0.04, 0.11)"
6,0.001,8,0.07059204781022536,"0.07 (0.03, 0.11)"
