# features,alpha,# neurons,R2,R2 and PI
6,0.001,8,0.4698737471854712,"0.4699 (0.4289, 0.5109)"
6,0.001,9,0.47379629161295356,"0.4738 (0.4356, 0.5120)"
6,0.001,10,0.4577055354996718,"0.4577 (0.4111, 0.5043)"
7,0.001,8,0.46336992829566953,"0.4634 (0.4233, 0.5035)"
7,0.001,9,0.4590458220811181,"0.4590 (0.4146, 0.5035)"
7,0.001,10,0.4612316730732955,"0.4612 (0.4160, 0.5064)"
8,0.001,8,0.4664201233861854,"0.4664 (0.4220, 0.5108)"
8,0.001,9,0.4676656197584822,"0.4677 (0.4248, 0.5105)"
8,0.001,10,0.4637803576265983,"0.4638 (0.4210, 0.5066)"
