# features,alpha,# neurons,R2,R2 and PI
5,0.001,7,0.8373794704907853,"0.84 (0.82, 0.86)"
5,0.001,8,0.8314848577482634,"0.83 (0.81, 0.85)"
6,0.001,7,0.830296992754157,"0.83 (0.81, 0.85)"
6,0.001,8,0.8227554673405241,"0.82 (0.80, 0.84)"
