# features,alpha,# neurons,R2,R2 and PI
6,0.001,8,0.09796162756469755,"0.0980 (0.0346, 0.1613)"
6,0.001,9,0.1053639567832532,"0.1054 (0.0454, 0.1653)"
6,0.001,10,0.10166556712990842,"0.1017 (0.0379, 0.1654)"
7,0.001,8,0.09392833058699887,"0.0939 (0.0381, 0.1498)"
7,0.001,9,0.0973900167351568,"0.0974 (0.0346, 0.1602)"
7,0.001,10,0.1004673296842303,"0.1005 (0.0374, 0.1635)"
8,0.001,8,0.09690570961963943,"0.0969 (0.0384, 0.1554)"
8,0.001,9,0.09484110660835061,"0.0948 (0.0336, 0.1560)"
8,0.001,10,0.10221540742186752,"0.1022 (0.0399, 0.1645)"
