# features,alpha,# neurons,R2,R2 and PI
6,0.001,8,0.83375611159772,"0.83 (0.81, 0.86)"
6,0.001,9,0.8361532831181222,"0.84 (0.81, 0.86)"
6,0.001,10,0.8406481156423761,"0.84 (0.81, 0.87)"
7,0.001,8,0.8352172771458587,"0.84 (0.81, 0.86)"
7,0.001,9,0.8374169432704044,"0.84 (0.81, 0.86)"
7,0.001,10,0.833079564490256,"0.83 (0.80, 0.86)"
8,0.001,8,0.828976702258619,"0.83 (0.80, 0.86)"
8,0.001,9,0.8260915496468042,"0.83 (0.80, 0.85)"
8,0.001,10,0.8326791710116861,"0.83 (0.80, 0.86)"
