# features,alpha,# neurons,R2,R2 and PI
4,0.001,6,0.5301596761871885,"0.5302 (0.4817, 0.5787)"
4,0.001,7,0.523026012278398,"0.5230 (0.4758, 0.5703)"
5,0.001,6,0.5134973012363342,"0.5135 (0.4674, 0.5596)"
5,0.001,7,0.5285885608955064,"0.5286 (0.4788, 0.5783)"
