# features,alpha,# neurons,R2,R2 and PI
6,0.001,8,0.8363888150702999,"0.84 (0.81, 0.86)"
6,0.001,9,0.8449825109496564,"0.84 (0.83, 0.86)"
6,0.001,10,0.8412438574136194,"0.84 (0.82, 0.86)"
7,0.001,8,0.8421792876836539,"0.84 (0.82, 0.86)"
7,0.001,9,0.8397362573963646,"0.84 (0.82, 0.86)"
7,0.001,10,0.8268076945350188,"0.83 (0.81, 0.85)"
8,0.001,8,0.8407412589962107,"0.84 (0.82, 0.86)"
8,0.001,9,0.8346785406187358,"0.83 (0.81, 0.85)"
8,0.001,10,0.834958806109465,"0.83 (0.82, 0.85)"
