# features,alpha,# neurons,R2,R2 and PI
4,0.001,6,0.08727173248354145,"0.09 (0.04, 0.13)"
4,0.001,7,0.08373856122516794,"0.08 (0.05, 0.12)"
5,0.001,6,0.08629783225008325,"0.09 (0.05, 0.12)"
5,0.001,7,0.08694467960479928,"0.09 (0.05, 0.13)"
