# features,alpha,# neurons,R2,R2 and PI
5,0.001,7,0.8404211253788223,"0.84 (0.82, 0.86)"
5,0.001,8,0.8243801932098247,"0.82 (0.80, 0.85)"
6,0.001,7,0.8327306064644011,"0.83 (0.81, 0.85)"
6,0.001,8,0.8258496096900725,"0.83 (0.81, 0.85)"
