# features,alpha,# neurons,R2,R2 and PI
5,0.001,7,0.8416409960075258,"0.84 (0.82, 0.86)"
5,0.001,8,0.8323442399939257,"0.83 (0.81, 0.86)"
6,0.001,7,0.8347818545267168,"0.83 (0.81, 0.86)"
6,0.001,8,0.8247123075451693,"0.82 (0.80, 0.85)"
