# features,alpha,# neurons,R2,R2 and PI
5,0.001,7,0.8363431262421261,"0.84 (0.81, 0.86)"
5,0.001,8,0.8198305051352252,"0.82 (0.79, 0.85)"
6,0.001,7,0.8314368627547812,"0.83 (0.80, 0.86)"
6,0.001,8,0.8233810518688272,"0.82 (0.79, 0.85)"
