# features,alpha,# neurons,R2,R2 and PI
8,0.001,10,0.4048980415207171,"0.4049 (0.3404, 0.4694)"
8,0.001,12,0.40953066985607284,"0.4095 (0.3465, 0.4725)"
10,0.001,10,0.4013896424271045,"0.4014 (0.3380, 0.4648)"
10,0.001,12,0.40179348500942763,"0.4018 (0.3396, 0.4640)"
