ID,Seed,Run time,Duration of Physical distancing during calibration period
0,1312981556,3.0850276947021484,0.46153846153846156
1,1715927250,2.994797945022583,0.07692307692307693
2,1046385283,3.2145729064941406,0.15384615384615385
3,15879790,3.05535626411438,0.07692307692307693
4,1329867299,3.036113977432251,0.46153846153846156
5,46312775,3.0160109996795654,0.7307692307692308
6,936703824,2.9360902309417725,0.07692307692307693
7,467635361,2.9417219161987305,0.15384615384615385
