ID,Seed,Run time,Duration of Physical distancing during calibration period,Duration of Physical distancing during fall/winter
0,653278589,8.383458614349365,1.25,0.7692307692307693
1,441794767,7.994277477264404,0.4807692307692308,0.40384615384615385
2,300497007,8.336582899093628,0.5576923076923077,0.38461538461538464
3,799692869,7.749779939651489,0.3461538461538462,0.3269230769230769
