ID,Seed,Run time,Duration of Physical distancing during calibration period,Duration of Physical distancing during fall/winter
0,310319554,4.9790239334106445,0.15384615384615385,0.1730769230769231
1,1194674174,6.078063011169434,0.3076923076923077,0.0
2,826916889,5.946025371551514,0.5,0.2884615384615385
3,412739490,5.041220188140869,0.42307692307692313,0.09615384615384616
4,1544074682,4.74101996421814,0.42307692307692313,0.11538461538461539
5,1860958064,5.043015956878662,0.9615384615384616,0.42307692307692313
6,656229423,5.075019121170044,0.6923076923076924,0.11538461538461539
7,925598428,4.582122325897217,0.9230769230769231,0.3461538461538462
