ID,Seed,Run time,Duration of Physical distancing Y1
0,1843813130,2.867000102996826,0.2692307692307693
1,636393364,3.0701472759246826,0.15384615384615385
2,507984782,3.3201470375061035,0.15384615384615385
3,99849627,2.7765769958496094,0.38461538461538464
4,1624328579,2.7765755653381348,0.44230769230769235
