ID,Seed,Run time,Duration of Physical distancing during calibration period,Duration of Physical distancing during fall/winter
0,1586233603,6.5737080574035645,0.2884615384615385,0.11538461538461539
1,1216619369,6.020906448364258,0.5384615384615385,0.3653846153846154
2,1586233603,6.269497871398926,0.2884615384615385,0.11538461538461539
3,1216619369,5.793788194656372,0.5384615384615385,0.3653846153846154
