ID,Seed,Run time,Duration of Physical distancing during calibration period
0,1312981556,2.8352701663970947,0.09615384615384616
1,1715927250,2.8202266693115234,0.057692307692307696
2,1046385283,3.2064554691314697,0.15384615384615385
3,15879790,2.91828989982605,0.2692307692307693
4,1329867299,3.093801736831665,0.7115384615384616
5,46312775,2.7379844188690186,0.903846153846154
6,936703824,2.905136823654175,0.42307692307692313
7,467635361,3.013643980026245,0.09615384615384616
