ID,Seed,Run time,Duration of Physical distancing during calibration period
0,1340754471,2.503636598587036,0.23076923076923078
1,1204863635,2.553978204727173,0.15384615384615385
2,657731430,2.9546446800231934,0.5384615384615385
3,576702667,2.9038095474243164,0.1730769230769231
4,1412786664,2.4607813358306885,0.3653846153846154
5,530471866,2.936697006225586,0.6153846153846154
6,2012841570,2.8170979022979736,0.09615384615384616
7,1292401841,2.6765685081481934,0.07692307692307693
