ID,Seed,Run time,Duration of Physical distancing during calibration period,Duration of Physical distancing during fall/winter
0,810293625,10.593915462493896,0.23076923076923078,0.42307692307692313
1,2054584822,11.25606083869934,0.44230769230769235,0.5961538461538461
2,1801664104,11.474787712097168,0.3461538461538462,0.2884615384615385
3,682769175,11.224814891815186,0.25,0.09615384615384616
4,799692869,10.944392681121826,0.3461538461538462,0.3269230769230769
5,244160614,10.688894033432007,0.42307692307692313,0.3461538461538462
6,414677436,10.89289379119873,0.5576923076923077,0.6730769230769231
7,1407548390,11.224810361862183,0.5192307692307693,0.5192307692307693
