ID,Seed,Run time,Duration of Physical distancing during calibration period
0,734051083,3.293008327484131,0.6153846153846154
1,258666409,3.2910046577453613,0.5384615384615385
2,1686997841,3.512007713317871,0.7884615384615385
3,505240629,3.5300376415252686,0.4807692307692308
4,1562125877,3.5180375576019287,0.5192307692307693
5,2034098327,3.5000078678131104,1.153846153846154
6,615697673,3.036006450653076,0.13461538461538464
7,1905883471,3.2200064659118652,0.7884615384615385
