Week,Model,Score,error,PI
-12,A,0.11460862816207854,0.08855374133928917,"0.11 (0.07, 0.16)"
-12,B1,0.13928301798901993,0.10668898760761274,"0.14 (0.09, 0.19)"
-8,A,0.4577185725789593,0.11090554258017879,"0.46 (0.41, 0.51)"
-8,B1,0.46828483844207164,0.12604003067808897,"0.47 (0.41, 0.53)"
-4,A,0.8259829374573006,0.04540635598270393,"0.83 (0.80, 0.85)"
-4,B1,0.8410305485090355,0.042283882727965794,"0.84 (0.82, 0.87)"
