Week,Model,R2,error,PI
-12,A,0.7902641930803417,0.0719812120812145,"0.79 (0.75, 0.83)"
-12,B1,0.8002714552441423,0.05509034034622551,"0.80 (0.77, 0.83)"
-8,A,0.9266691146798818,0.042139528795150594,"0.93 (0.91, 0.95)"
-8,B1,0.8870208429630191,0.037728304669710944,"0.89 (0.87, 0.91)"
