Week,Model,R2,error,PI
-12,A,0.7902641930803417,0.0719812120812145,"0.79 (0.75, 0.83)"
-12,B1,0.7911970367087556,0.052059121191474156,"0.79 (0.77, 0.82)"
-8,A,0.9266691146798818,0.042139528795150594,"0.93 (0.91, 0.95)"
-8,B1,0.8816217344525935,0.04015287123566735,"0.88 (0.86, 0.90)"
