Week,Model,Score,error,PI
-12,A,0.11460862816207854,0.08855374133928917,"0.11 (0.07, 0.16)"
-12,B1,0.15057586278150367,0.10432678751646669,"0.15 (0.10, 0.20)"
-8,A,0.4577185725789593,0.11090554258017879,"0.46 (0.41, 0.51)"
-8,B1,0.47027418427318757,0.12535295951940326,"0.47 (0.41, 0.53)"
-4,A,0.8259829374573006,0.04540635598270393,"0.83 (0.80, 0.85)"
-4,B1,0.835934799667486,0.04242085407659174,"0.84 (0.81, 0.86)"
