Week,Model,R2,error,PI
-12,Zero,0.4512508099343374,0.22604548331689883,"[0.17766136590448545, 0.6297523325382831]"
-12,B1,0.2693607772002211,0.19774393280395408,"[0.04414055171131734, 0.4396284173192255]"
-12,B3,0.40250120350138696,0.23314240708322295,"[0.11695822810807084, 0.5832430422745167]"
-8,Zero,0.6458905943852018,0.1777761273135558,"[0.42152943101118534, 0.7770816856382969]"
-8,B1,0.5309339249071515,0.1630458009954923,"[0.331889831422938, 0.6579814334139226]"
-8,B3,0.6118524460305776,0.19528125355614628,"[0.38149567347938307, 0.7720581805916756]"
