Week,Model,R2,error,PI
-12,Zero,0.4418411526835374,0.2132737169093673,"[0.1736945102226836, 0.6002419440414182]"
-12,B1,0.26884445599561746,0.20102323967390473,"[0.04421156946134845, 0.4462580488091579]"
-12,B3,0.4019270465551683,0.23070643957638584,"[0.11853714741515549, 0.5799500265679272]"
-8,Zero,0.6428547429698814,0.17495841570700352,"[0.4146740014600166, 0.7645908328740236]"
-8,B1,0.5301596761871885,0.16472676372048567,"[0.3298568542614365, 0.6593103817024079]"
-8,B3,0.6051422405604441,0.19676498859767072,"[0.37913151667762335, 0.7726614938729648]"
