# features,max depth,ccp alpha,Score,Score and PI
,,0.003,0.866,"0.866 (0.847, 0.884)"
,,0.005,0.846,"0.846 (0.827, 0.864)"
,,0.007,0.864,"0.864 (0.850, 0.878)"
,,0.009000000000000001,0.864,"0.864 (0.850, 0.878)"
,,0.011,0.864,"0.864 (0.850, 0.878)"
,,0.013000000000000001,0.864,"0.864 (0.850, 0.878)"
,,0.015,0.864,"0.864 (0.850, 0.878)"
,,0.017,0.864,"0.864 (0.850, 0.878)"
,,0.019,0.864,"0.864 (0.850, 0.878)"
