# features,max depth,ccp alpha,Score,Score and PI
,,0.003,0.935,"0.935 (0.928, 0.942)"
,,0.005,0.928,"0.928 (0.919, 0.938)"
,,0.007,0.923,"0.923 (0.913, 0.933)"
,,0.009000000000000001,0.923,"0.923 (0.913, 0.933)"
,,0.011,0.923,"0.923 (0.913, 0.933)"
,,0.013000000000000001,0.923,"0.923 (0.913, 0.933)"
,,0.015,0.923,"0.923 (0.913, 0.933)"
,,0.017,0.923,"0.923 (0.913, 0.933)"
,,0.019,0.923,"0.923 (0.913, 0.933)"
