# features,max depth,ccp alpha,Score,Score and PI
,,0.003,0.811,"0.811 (0.791, 0.832)"
,,0.005,0.817,"0.817 (0.799, 0.835)"
,,0.007,0.819,"0.819 (0.801, 0.838)"
,,0.009000000000000001,0.824,"0.824 (0.806, 0.842)"
,,0.011,0.824,"0.824 (0.806, 0.842)"
,,0.013000000000000001,0.824,"0.824 (0.806, 0.842)"
,,0.015,0.824,"0.824 (0.806, 0.842)"
,,0.017,0.824,"0.824 (0.806, 0.842)"
,,0.019,0.824,"0.824 (0.806, 0.842)"
