# features,max depth,ccp alpha,Score,Score and PI
,,0.003,0.898,"0.898 (0.886, 0.910)"
,,0.005,0.897,"0.897 (0.887, 0.907)"
,,0.007,0.887,"0.887 (0.874, 0.900)"
,,0.009000000000000001,0.887,"0.887 (0.874, 0.900)"
,,0.011,0.887,"0.887 (0.874, 0.900)"
,,0.013000000000000001,0.887,"0.887 (0.874, 0.900)"
,,0.015,0.887,"0.887 (0.874, 0.900)"
,,0.017,0.887,"0.887 (0.874, 0.900)"
,,0.019,0.887,"0.887 (0.874, 0.900)"
