# features,max depth,ccp alpha,Score,Score and PI
,,0.003,0.909,"0.909 (0.899, 0.919)"
,,0.005,0.901,"0.901 (0.891, 0.910)"
,,0.007,0.901,"0.901 (0.891, 0.910)"
,,0.009000000000000001,0.901,"0.901 (0.891, 0.910)"
,,0.011,0.901,"0.901 (0.891, 0.910)"
,,0.013000000000000001,0.901,"0.901 (0.891, 0.910)"
,,0.015,0.901,"0.901 (0.891, 0.910)"
,,0.017,0.901,"0.901 (0.891, 0.910)"
,,0.019,0.901,"0.901 (0.891, 0.910)"
