# features,max depth,ccp alpha,Score,Score and PI
,,0.003,0.977,"0.977 (0.973, 0.981)"
,,0.005,0.973,"0.973 (0.968, 0.977)"
,,0.007,0.972,"0.972 (0.967, 0.976)"
,,0.009000000000000001,0.968,"0.968 (0.962, 0.974)"
,,0.011,0.968,"0.968 (0.962, 0.974)"
,,0.013000000000000001,0.968,"0.968 (0.962, 0.974)"
,,0.015,0.968,"0.968 (0.962, 0.974)"
,,0.017,0.968,"0.968 (0.962, 0.974)"
,,0.019,0.968,"0.968 (0.962, 0.974)"
