# features,max depth,ccp alpha,Score,Score and PI
,,0.003,0.914,"0.914 (0.898, 0.930)"
,,0.005,0.904,"0.904 (0.888, 0.919)"
,,0.007,0.906,"0.906 (0.890, 0.922)"
,,0.009000000000000001,0.906,"0.906 (0.890, 0.922)"
,,0.011,0.9,"0.900 (0.882, 0.918)"
,,0.013000000000000001,0.899,"0.899 (0.881, 0.916)"
,,0.015,0.9,"0.900 (0.883, 0.917)"
,,0.017,0.9,"0.900 (0.883, 0.917)"
,,0.019,0.9,"0.900 (0.883, 0.917)"
