# features,max depth,ccp alpha,Score,Score and PI
,,0.003,0.9,"0.900 (0.889, 0.911)"
,,0.005,0.898,"0.898 (0.887, 0.908)"
,,0.007,0.888,"0.888 (0.874, 0.901)"
,,0.009000000000000001,0.888,"0.888 (0.874, 0.901)"
,,0.011,0.888,"0.888 (0.874, 0.901)"
,,0.013000000000000001,0.888,"0.888 (0.874, 0.901)"
,,0.015,0.888,"0.888 (0.874, 0.901)"
,,0.017,0.888,"0.888 (0.874, 0.901)"
,,0.019,0.888,"0.888 (0.874, 0.901)"
