# features,max depth,ccp alpha,Score,Score and PI
,,0.003,0.867,"0.867 (0.848, 0.886)"
,,0.005,0.849,"0.849 (0.829, 0.869)"
,,0.007,0.864,"0.864 (0.850, 0.878)"
,,0.009000000000000001,0.864,"0.864 (0.850, 0.878)"
,,0.011,0.864,"0.864 (0.850, 0.878)"
,,0.013000000000000001,0.864,"0.864 (0.850, 0.878)"
,,0.015,0.864,"0.864 (0.850, 0.878)"
,,0.017,0.864,"0.864 (0.850, 0.878)"
,,0.019,0.864,"0.864 (0.850, 0.878)"
