# features,max depth,ccp alpha,Score,Score and PI
,,0.003,0.965,"0.965 (0.959, 0.972)"
,,0.005,0.962,"0.962 (0.956, 0.969)"
,,0.007,0.954,"0.954 (0.949, 0.959)"
,,0.009000000000000001,0.954,"0.954 (0.949, 0.959)"
,,0.011,0.951,"0.951 (0.945, 0.957)"
,,0.013000000000000001,0.952,"0.952 (0.944, 0.960)"
,,0.015,0.952,"0.952 (0.944, 0.960)"
,,0.017,0.952,"0.952 (0.944, 0.960)"
,,0.019,0.952,"0.952 (0.944, 0.960)"
